Datum;Uhrzeit;Gesamt (Netzlast)[MWh];Residuallast[MWh];Pumpspeicher[MWh]
12.10.2022;00:00;11.821;11.252;192
12.10.2022;00:15;11.777;11.204;286
12.10.2022;00:30;11.641;11.061;512
12.10.2022;00:45;11.534;10.931;634
12.10.2022;01:00;11.382;10.756;810
12.10.2022;01:15;11.299;10.666;1.030
12.10.2022;01:30;11.331;10.714;1.089
12.10.2022;01:45;11.283;10.668;1.122
12.10.2022;02:00;11.153;10.523;1.225
12.10.2022;02:15;11.075;10.428;1.246
12.10.2022;02:30;11.022;10.368;1.292
12.10.2022;02:45;11.038;10.379;975
12.10.2022;03:00;11.141;10.483;1.541
12.10.2022;03:15;11.197;10.552;1.166
12.10.2022;03:30;11.201;10.566;1.322
12.10.2022;03:45;11.205;10.552;1.268
12.10.2022;04:00;11.343;10.684;1.365
12.10.2022;04:15;11.452;10.782;1.082
12.10.2022;04:30;11.600;10.930;1.139
12.10.2022;04:45;11.664;11.015;992
12.10.2022;05:00;12.006;11.393;731
12.10.2022;05:15;12.063;11.461;622
12.10.2022;05:30;12.345;11.716;413
12.10.2022;05:45;12.736;12.103;299
12.10.2022;06:00;13.234;12.602;144
12.10.2022;06:15;13.805;13.163;31
12.10.2022;06:30;14.207;13.549;4
12.10.2022;06:45;14.483;13.798;6
12.10.2022;07:00;14.759;14.066;13
12.10.2022;07:15;15.022;14.331;6
12.10.2022;07:30;15.175;14.469;1
12.10.2022;07:45;15.298;14.517;1
12.10.2022;08:00;15.501;14.541;1
12.10.2022;08:15;15.632;14.423;1
12.10.2022;08:30;15.764;14.236;1
12.10.2022;08:45;15.769;13.831;1
12.10.2022;09:00;15.678;13.288;1
12.10.2022;09:15;15.621;12.765;5
12.10.2022;09:30;15.699;12.371;43
12.10.2022;09:45;16.007;12.227;49
12.10.2022;10:00;15.995;11.795;72
12.10.2022;10:15;15.969;11.372;78
12.10.2022;10:30;16.192;11.276;123
12.10.2022;10:45;16.357;11.188;140
12.10.2022;11:00;16.333;10.930;42
12.10.2022;11:15;16.247;10.635;47
12.10.2022;11:30;16.383;10.533;113
12.10.2022;11:45;16.485;10.444;132
12.10.2022;12:00;16.293;10.062;157
12.10.2022;12:15;16.386;9.995;230
12.10.2022;12:30;16.362;9.855;300
12.10.2022;12:45;16.322;9.744;390
12.10.2022;13:00;16.415;9.800;360
12.10.2022;13:15;16.253;9.656;389
12.10.2022;13:30;16.156;9.599;478
12.10.2022;13:45;16.084;9.623;567
12.10.2022;14:00;16.026;9.735;452
12.10.2022;14:15;15.809;9.718;425
12.10.2022;14:30;15.682;9.710;362
12.10.2022;14:45;15.586;9.827;484
12.10.2022;15:00;15.048;9.521;557
12.10.2022;15:15;15.142;9.882;519
12.10.2022;15:30;15.244;10.307;334
12.10.2022;15:45;15.130;10.543;145
12.10.2022;16:00;15.372;11.218;303
12.10.2022;16:15;15.211;11.528;234
12.10.2022;16:30;15.110;11.892;111
12.10.2022;16:45;15.012;12.270;42
12.10.2022;17:00;15.008;12.721;160
12.10.2022;17:15;15.138;13.289;49
12.10.2022;17:30;15.198;13.735;14
12.10.2022;17:45;15.227;14.079;1
12.10.2022;18:00;15.215;14.243;1
12.10.2022;18:15;15.308;14.390;1
12.10.2022;18:30;15.508;14.552;1
12.10.2022;18:45;15.729;14.708;1
12.10.2022;19:00;15.927;14.807;1
12.10.2022;19:15;15.836;14.610;1
12.10.2022;19:30;15.777;14.465;1
12.10.2022;19:45;15.578;14.174;1
12.10.2022;20:00;15.378;13.882;1
12.10.2022;20:15;15.036;13.429;1
12.10.2022;20:30;14.820;13.087;1
12.10.2022;20:45;14.603;12.766;2
12.10.2022;21:00;14.565;12.614;43
12.10.2022;21:15;14.263;12.190;33
12.10.2022;21:30;14.050;11.866;50
12.10.2022;21:45;14.005;11.769;260
12.10.2022;22:00;13.886;11.590;249
12.10.2022;22:15;13.666;11.381;163
12.10.2022;22:30;13.357;11.046;178
12.10.2022;22:45;13.134;10.774;318
12.10.2022;23:00;12.890;10.501;194
12.10.2022;23:15;12.619;10.164;309
12.10.2022;23:30;12.498;10.007;368
12.10.2022;23:45;12.477;9.934;451
13.10.2022;00:00;12.213;9.693;517
13.10.2022;00:15;12.011;9.461;579
13.10.2022;00:30;12.020;9.405;838
13.10.2022;00:45;11.906;9.261;1.125
13.10.2022;01:00;11.705;9.059;1.449
13.10.2022;01:15;11.646;8.986;1.501
13.10.2022;01:30;11.619;8.969;1.534
13.10.2022;01:45;11.558;8.958;1.545
13.10.2022;02:00;11.421;8.850;1.543
13.10.2022;02:15;11.428;8.868;1.536
13.10.2022;02:30;11.466;8.953;1.527
13.10.2022;02:45;11.448;9.037;1.541
13.10.2022;03:00;11.411;9.084;1.533
13.10.2022;03:15;11.388;9.075;1.468
13.10.2022;03:30;11.464;9.186;1.443
13.10.2022;03:45;11.403;9.165;1.399
13.10.2022;04:00;11.485;9.298;1.338
13.10.2022;04:15;11.548;9.385;1.335
13.10.2022;04:30;11.688;9.571;1.282
13.10.2022;04:45;11.853;9.769;1.138
13.10.2022;05:00;12.242;10.169;1.008
13.10.2022;05:15;12.440;10.358;805
13.10.2022;05:30;12.548;10.418;627
13.10.2022;05:45;12.867;10.700;500
13.10.2022;06:00;13.433;11.191;238
13.10.2022;06:15;13.762;11.478;10
13.10.2022;06:30;14.090;11.781;4
13.10.2022;06:45;14.426;12.097;2
13.10.2022;07:00;14.798;12.552;1
13.10.2022;07:15;15.054;12.821;1
13.10.2022;07:30;15.236;12.982;1
13.10.2022;07:45;15.309;12.922;1
13.10.2022;08:00;15.555;12.987;1
13.10.2022;08:15;15.735;12.952;1
13.10.2022;08:30;15.892;12.912;1
13.10.2022;08:45;15.930;12.774;1
13.10.2022;09:00;15.991;12.698;2
13.10.2022;09:15;16.018;12.540;2
13.10.2022;09:30;16.074;12.477;1
13.10.2022;09:45;16.156;12.436;1
13.10.2022;10:00;16.142;12.313;1
13.10.2022;10:15;16.165;12.143;1
13.10.2022;10:30;16.210;12.000;2
13.10.2022;10:45;16.323;11.999;2
13.10.2022;11:00;16.438;11.997;2
13.10.2022;11:15;16.507;11.977;2
13.10.2022;11:30;16.477;11.823;2
13.10.2022;11:45;16.439;11.657;12
13.10.2022;12:00;16.411;11.526;22
13.10.2022;12:15;16.421;11.485;33
13.10.2022;12:30;16.501;11.505;106
13.10.2022;12:45;16.420;11.340;151
13.10.2022;13:00;16.409;11.313;188
13.10.2022;13:15;16.358;11.341;210
13.10.2022;13:30;16.272;11.333;215
13.10.2022;13:45;16.152;11.273;265
13.10.2022;14:00;16.088;11.379;314
13.10.2022;14:15;15.922;11.411;194
13.10.2022;14:30;15.897;11.584;156
13.10.2022;14:45;16.257;12.127;93
13.10.2022;15:00;15.917;12.036;234
13.10.2022;15:15;15.744;12.122;110
13.10.2022;15:30;15.619;12.273;90
13.10.2022;15:45;15.519;12.464;110
13.10.2022;16:00;15.502;12.714;121
13.10.2022;16:15;15.254;12.732;18
13.10.2022;16:30;15.223;12.932;27
13.10.2022;16:45;15.199;13.106;2
13.10.2022;17:00;15.119;13.227;8
13.10.2022;17:15;15.182;13.487;2
13.10.2022;17:30;15.278;13.716;2
13.10.2022;17:45;15.350;13.873;2
13.10.2022;18:00;15.323;13.904;1
13.10.2022;18:15;15.400;14.009;1
13.10.2022;18:30;15.638;14.252;1
13.10.2022;18:45;15.788;14.408;1
13.10.2022;19:00;15.756;14.294;1
13.10.2022;19:15;15.577;14.038;1
13.10.2022;19:30;15.434;13.821;2
13.10.2022;19:45;15.251;13.564;2
13.10.2022;20:00;15.102;13.314;2
13.10.2022;20:15;14.878;13.023;2
13.10.2022;20:30;14.643;12.749;5
13.10.2022;20:45;14.462;12.547;4
13.10.2022;21:00;14.236;12.352;3
13.10.2022;21:15;13.961;12.072;5
13.10.2022;21:30;13.802;11.896;6
13.10.2022;21:45;13.556;11.662;6
13.10.2022;22:00;13.369;11.486;6
13.10.2022;22:15;13.120;11.254;6
13.10.2022;22:30;12.954;11.081;13
13.10.2022;22:45;12.715;10.840;50
13.10.2022;23:00;12.561;10.760;92
13.10.2022;23:15;12.393;10.667;144
13.10.2022;23:30;12.195;10.510;211
13.10.2022;23:45;12.112;10.458;325
14.10.2022;00:00;12.053;10.420;262
14.10.2022;00:15;11.937;10.349;343
14.10.2022;00:30;11.884;10.357;463
14.10.2022;00:45;11.708;10.216;586
14.10.2022;01:00;11.476;10.006;670
14.10.2022;01:15;11.474;10.029;1.023
14.10.2022;01:30;11.435;10.049;1.080
14.10.2022;01:45;11.350;10.009;1.120
14.10.2022;02:00;11.308;9.995;1.254
14.10.2022;02:15;11.321;10.018;1.279
14.10.2022;02:30;11.318;10.037;1.257
14.10.2022;02:45;11.284;9.998;1.273
14.10.2022;03:00;11.290;10.002;1.449
14.10.2022;03:15;11.287;10.020;1.454
14.10.2022;03:30;11.331;10.085;1.422
14.10.2022;03:45;11.420;10.195;1.439
14.10.2022;04:00;11.519;10.343;1.553
14.10.2022;04:15;11.576;10.406;1.548
14.10.2022;04:30;11.777;10.620;1.435
14.10.2022;04:45;11.888;10.750;1.337
14.10.2022;05:00;12.181;11.041;1.097
14.10.2022;05:15;12.339;11.211;1.044
14.10.2022;05:30;12.604;11.493;928
14.10.2022;05:45;12.932;11.825;811
14.10.2022;06:00;13.485;12.387;458
14.10.2022;06:15;13.871;12.776;148
14.10.2022;06:30;14.143;13.028;26
14.10.2022;06:45;14.543;13.406;2
14.10.2022;07:00;14.844;13.700;1
14.10.2022;07:15;15.092;13.931;1
14.10.2022;07:30;15.249;14.086;2
14.10.2022;07:45;15.364;14.154;2
14.10.2022;08:00;15.451;14.133;3
14.10.2022;08:15;15.636;14.208;3
14.10.2022;08:30;15.736;14.173;3
14.10.2022;08:45;15.804;14.061;3
14.10.2022;09:00;15.799;13.871;2
14.10.2022;09:15;15.885;13.737;1
14.10.2022;09:30;15.992;13.602;1
14.10.2022;09:45;16.083;13.410;3
14.10.2022;10:00;16.212;13.227;3
14.10.2022;10:15;16.171;12.910;4
14.10.2022;10:30;16.238;12.773;5
14.10.2022;10:45;16.306;12.651;12
14.10.2022;11:00;16.287;12.419;13
14.10.2022;11:15;16.161;12.084;4
14.10.2022;11:30;16.151;11.890;10
14.10.2022;11:45;16.235;11.813;21
14.10.2022;12:00;16.141;11.579;69
14.10.2022;12:15;16.218;11.632;63
14.10.2022;12:30;16.287;11.663;63
14.10.2022;12:45;16.085;11.460;86
14.10.2022;13:00;16.287;11.650;73
14.10.2022;13:15;16.140;11.596;76
14.10.2022;13:30;15.939;11.454;82
14.10.2022;13:45;15.748;11.347;143
14.10.2022;14:00;15.813;11.533;170
14.10.2022;14:15;15.715;11.564;210
14.10.2022;14:30;15.714;11.695;182
14.10.2022;14:45;15.555;11.669;107
14.10.2022;15:00;15.602;11.906;183
14.10.2022;15:15;15.391;11.884;148
14.10.2022;15:30;15.296;11.978;59
14.10.2022;15:45;15.228;12.159;53
14.10.2022;16:00;15.147;12.300;50
14.10.2022;16:15;14.912;12.256;43
14.10.2022;16:30;14.905;12.407;6
14.10.2022;16:45;14.931;12.599;3
14.10.2022;17:00;14.897;12.720;2
14.10.2022;17:15;14.873;12.839;3
14.10.2022;17:30;14.876;12.968;6
14.10.2022;17:45;14.892;13.022;2
14.10.2022;18:00;14.857;12.966;2
14.10.2022;18:15;14.966;13.023;2
14.10.2022;18:30;15.218;13.218;1
14.10.2022;18:45;15.256;13.193;1
14.10.2022;19:00;15.330;13.161;1
14.10.2022;19:15;15.156;12.864;1
14.10.2022;19:30;15.035;12.642;3
14.10.2022;19:45;14.893;12.355;41
14.10.2022;20:00;14.859;12.248;77
14.10.2022;20:15;14.732;12.054;153
14.10.2022;20:30;14.538;11.821;190
14.10.2022;20:45;14.406;11.627;306
14.10.2022;21:00;14.090;11.259;66
14.10.2022;21:15;13.866;10.988;106
14.10.2022;21:30;13.709;10.825;127
14.10.2022;21:45;13.564;10.623;159
14.10.2022;22:00;13.403;10.450;116
14.10.2022;22:15;13.233;10.274;225
14.10.2022;22:30;13.085;10.133;320
14.10.2022;22:45;12.865;9.917;393
14.10.2022;23:00;12.581;9.648;117
14.10.2022;23:15;12.377;9.418;169
14.10.2022;23:30;12.300;9.336;263
14.10.2022;23:45;12.222;9.294;375
15.10.2022;00:00;11.883;8.997;227
15.10.2022;00:15;11.703;8.806;221
15.10.2022;00:30;11.612;8.735;253
15.10.2022;00:45;11.474;8.612;326
15.10.2022;01:00;11.319;8.508;359
15.10.2022;01:15;11.263;8.469;367
15.10.2022;01:30;11.147;8.361;433
15.10.2022;01:45;11.021;8.285;410
15.10.2022;02:00;11.031;8.400;445
15.10.2022;02:15;10.907;8.285;519
15.10.2022;02:30;10.954;8.341;582
15.10.2022;02:45;10.931;8.408;605
15.10.2022;03:00;10.916;8.523;1.111
15.10.2022;03:15;10.940;8.600;1.119
15.10.2022;03:30;10.916;8.635;931
15.10.2022;03:45;10.799;8.583;812
15.10.2022;04:00;10.792;8.650;915
15.10.2022;04:15;10.771;8.728;875
15.10.2022;04:30;10.831;8.834;787
15.10.2022;04:45;10.910;8.971;682
15.10.2022;05:00;10.987;9.117;603
15.10.2022;05:15;10.932;9.105;555
15.10.2022;05:30;10.929;9.145;561
15.10.2022;05:45;10.901;9.135;456
15.10.2022;06:00;11.065;9.274;363
15.10.2022;06:15;11.173;9.369;248
15.10.2022;06:30;11.334;9.522;256
15.10.2022;06:45;11.358;9.562;246
15.10.2022;07:00;11.547;9.748;353
15.10.2022;07:15;11.728;9.902;320
15.10.2022;07:30;11.835;9.994;290
15.10.2022;07:45;11.974;10.099;289
15.10.2022;08:00;12.150;10.188;191
15.10.2022;08:15;12.389;10.326;178
15.10.2022;08:30;12.616;10.446;208
15.10.2022;08:45;12.772;10.431;182
15.10.2022;09:00;12.891;10.345;97
15.10.2022;09:15;12.984;10.275;138
15.10.2022;09:30;13.116;10.233;178
15.10.2022;09:45;13.162;10.102;184
15.10.2022;10:00;13.348;10.036;144
15.10.2022;10:15;13.434;9.801;173
15.10.2022;10:30;13.412;9.426;186
15.10.2022;10:45;13.522;9.176;212
15.10.2022;11:00;13.817;9.132;120
15.10.2022;11:15;13.939;8.977;118
15.10.2022;11:30;14.028;8.705;151
15.10.2022;11:45;14.149;8.502;266
15.10.2022;12:00;14.183;8.181;185
15.10.2022;12:15;14.099;7.681;204
15.10.2022;12:30;14.044;7.301;224
15.10.2022;12:45;14.037;7.029;333
15.10.2022;13:00;13.970;6.825;298
15.10.2022;13:15;13.836;6.543;436
15.10.2022;13:30;13.980;6.543;530
15.10.2022;13:45;13.976;6.569;788
15.10.2022;14:00;13.866;6.460;718
15.10.2022;14:15;13.666;6.271;775
15.10.2022;14:30;13.647;6.273;789
15.10.2022;14:45;13.639;6.443;747
15.10.2022;15:00;13.575;6.489;993
15.10.2022;15:15;13.439;6.501;912
15.10.2022;15:30;13.325;6.552;700
15.10.2022;15:45;13.338;6.849;449
15.10.2022;16:00;13.347;7.091;718
15.10.2022;16:15;13.181;7.182;564
15.10.2022;16:30;13.106;7.427;304
15.10.2022;16:45;13.133;7.701;169
15.10.2022;17:00;13.254;8.306;343
15.10.2022;17:15;13.237;8.531;85
15.10.2022;17:30;13.379;8.917;29
15.10.2022;17:45;13.376;9.036;32
15.10.2022;18:00;13.408;9.032;60
15.10.2022;18:15;13.488;9.070;55
15.10.2022;18:30;13.711;9.246;16
15.10.2022;18:45;13.799;9.263;5
15.10.2022;19:00;13.789;9.083;3
15.10.2022;19:15;13.571;8.696;12
15.10.2022;19:30;13.456;8.491;43
15.10.2022;19:45;13.348;8.247;66
15.10.2022;20:00;13.304;8.019;57
15.10.2022;20:15;12.990;7.514;183
15.10.2022;20:30;12.853;7.226;335
15.10.2022;20:45;12.697;6.974;419
15.10.2022;21:00;12.570;6.812;239
15.10.2022;21:15;12.376;6.631;305
15.10.2022;21:30;12.340;6.630;308
15.10.2022;21:45;12.294;6.682;428
15.10.2022;22:00;12.104;6.624;150
15.10.2022;22:15;11.878;6.408;266
15.10.2022;22:30;11.760;6.242;330
15.10.2022;22:45;11.591;6.083;460
15.10.2022;23:00;11.345;5.972;210
15.10.2022;23:15;11.194;5.894;207
15.10.2022;23:30;11.026;5.723;258
15.10.2022;23:45;10.925;5.564;366
16.10.2022;00:00;10.783;5.409;150
16.10.2022;00:15;10.611;5.248;266
16.10.2022;00:30;10.574;5.106;439
16.10.2022;00:45;10.454;4.943;512
16.10.2022;01:00;10.444;4.948;554
16.10.2022;01:15;10.397;4.982;592
16.10.2022;01:30;10.215;4.787;738
16.10.2022;01:45;10.185;4.746;827
16.10.2022;02:00;10.233;4.866;1.248
16.10.2022;02:15;10.165;4.839;1.368
16.10.2022;02:30;10.047;4.816;1.307
16.10.2022;02:45;9.995;4.858;1.335
16.10.2022;03:00;9.993;4.883;1.264
16.10.2022;03:15;9.882;4.770;1.380
16.10.2022;03:30;9.856;4.735;1.365
16.10.2022;03:45;9.893;4.853;1.339
16.10.2022;04:00;9.996;5.029;966
16.10.2022;04:15;9.926;4.971;956
16.10.2022;04:30;9.994;4.988;921
16.10.2022;04:45;10.045;4.980;963
16.10.2022;05:00;10.101;5.017;763
16.10.2022;05:15;10.083;4.946;851
16.10.2022;05:30;10.160;5.011;840
16.10.2022;05:45;10.188;5.016;851
16.10.2022;06:00;10.368;5.092;1.168
16.10.2022;06:15;10.361;5.066;1.155
16.10.2022;06:30;10.425;5.097;1.049
16.10.2022;06:45;10.421;4.996;967
16.10.2022;07:00;10.561;5.133;626
16.10.2022;07:15;10.704;5.314;526
16.10.2022;07:30;10.697;5.402;396
16.10.2022;07:45;10.886;5.541;480
16.10.2022;08:00;10.991;5.476;366
16.10.2022;08:15;11.172;5.517;305
16.10.2022;08:30;11.407;5.583;307
16.10.2022;08:45;11.632;5.632;316
16.10.2022;09:00;12.029;5.792;307
16.10.2022;09:15;12.268;5.770;360
16.10.2022;09:30;12.392;5.579;556
16.10.2022;09:45;12.583;5.466;662
16.10.2022;10:00;12.870;5.450;526
16.10.2022;10:15;13.202;5.445;711
16.10.2022;10:30;13.176;5.051;1.119
16.10.2022;10:45;13.229;4.727;1.258
16.10.2022;11:00;13.368;4.537;1.301
16.10.2022;11:15;13.604;4.496;1.448
16.10.2022;11:30;13.774;4.339;1.467
16.10.2022;11:45;13.727;4.174;1.511
16.10.2022;12:00;13.804;3.909;1.620
16.10.2022;12:15;13.809;3.734;1.781
16.10.2022;12:30;13.832;3.943;1.784
16.10.2022;12:45;13.601;3.988;1.786
16.10.2022;13:00;13.108;3.676;1.878
16.10.2022;13:15;12.831;3.540;1.858
16.10.2022;13:30;12.605;3.343;1.837
16.10.2022;13:45;12.603;3.497;1.860
16.10.2022;14:00;12.563;3.445;1.828
16.10.2022;14:15;12.456;3.476;1.826
16.10.2022;14:30;12.291;3.416;1.707
16.10.2022;14:45;12.282;3.457;1.681
16.10.2022;15:00;12.359;3.875;1.784
16.10.2022;15:15;12.416;4.357;1.649
16.10.2022;15:30;12.291;4.453;1.365
16.10.2022;15:45;12.345;4.969;899
16.10.2022;16:00;12.353;5.470;820
16.10.2022;16:15;12.330;6.151;581
16.10.2022;16:30;12.167;6.664;200
16.10.2022;16:45;12.165;7.418;161
16.10.2022;17:00;12.425;8.138;499
16.10.2022;17:15;12.423;8.764;178
16.10.2022;17:30;12.414;9.311;55
16.10.2022;17:45;12.478;9.722;49
16.10.2022;18:00;12.607;9.915;61
16.10.2022;18:15;12.800;10.294;47
16.10.2022;18:30;12.966;10.639;12
16.10.2022;18:45;13.225;11.017;2
16.10.2022;19:00;13.262;11.098;2
16.10.2022;19:15;13.136;10.994;2
16.10.2022;19:30;12.991;10.906;3
16.10.2022;19:45;12.849;10.793;3
16.10.2022;20:00;12.760;10.716;8
16.10.2022;20:15;12.478;10.465;57
16.10.2022;20:30;12.356;10.395;55
16.10.2022;20:45;12.191;10.294;89
16.10.2022;21:00;12.195;10.369;59
16.10.2022;21:15;12.157;10.365;103
16.10.2022;21:30;12.036;10.295;76
16.10.2022;21:45;11.966;10.266;118
16.10.2022;22:00;12.099;10.408;28
16.10.2022;22:15;11.960;10.262;52
16.10.2022;22:30;11.821;10.146;28
16.10.2022;22:45;11.590;9.912;85
16.10.2022;23:00;11.502;9.820;40
16.10.2022;23:15;11.377;9.705;56
16.10.2022;23:30;11.151;9.407;112
16.10.2022;23:45;11.193;9.336;242
17.10.2022;00:00;10.986;9.012;463
17.10.2022;00:15;10.876;8.770;467
17.10.2022;00:30;10.640;8.399;724
17.10.2022;00:45;10.800;8.433;865
17.10.2022;01:00;10.441;7.899;650
17.10.2022;01:15;10.373;7.716;760
17.10.2022;01:30;10.442;7.691;977
17.10.2022;01:45;10.552;7.689;1.085
17.10.2022;02:00;10.423;7.451;971
17.10.2022;02:15;10.382;7.297;1.055
17.10.2022;02:30;10.430;7.198;1.094
17.10.2022;02:45;10.554;7.191;1.158
17.10.2022;03:00;10.627;7.224;1.140
17.10.2022;03:15;10.644;7.139;1.341
17.10.2022;03:30;10.671;6.998;1.379
17.10.2022;03:45;10.721;6.950;1.366
17.10.2022;04:00;10.928;7.036;1.464
17.10.2022;04:15;11.035;6.992;1.573
17.10.2022;04:30;11.192;6.913;1.587
17.10.2022;04:45;11.439;7.004;1.578
17.10.2022;05:00;11.784;7.269;1.488
17.10.2022;05:15;11.948;7.272;1.398
17.10.2022;05:30;12.298;7.461;1.250
17.10.2022;05:45;12.489;7.513;1.024
17.10.2022;06:00;12.965;7.905;636
17.10.2022;06:15;13.248;8.057;179
17.10.2022;06:30;13.632;8.275;100
17.10.2022;06:45;14.202;8.806;78
17.10.2022;07:00;14.724;9.292;15
17.10.2022;07:15;15.074;9.585;3
17.10.2022;07:30;15.284;9.750;2
17.10.2022;07:45;15.236;9.667;1
17.10.2022;08:00;15.515;9.731;1
17.10.2022;08:15;15.570;9.553;1
17.10.2022;08:30;15.753;9.513;1
17.10.2022;08:45;15.773;9.208;1
17.10.2022;09:00;15.873;8.984;1
17.10.2022;09:15;15.935;8.667;1
17.10.2022;09:30;15.981;8.426;2
17.10.2022;09:45;15.984;8.144;14
17.10.2022;10:00;16.052;7.935;19
17.10.2022;10:15;16.104;7.825;24
17.10.2022;10:30;16.297;7.846;172
17.10.2022;10:45;16.470;7.819;294
17.10.2022;11:00;16.506;7.640;314
17.10.2022;11:15;16.699;7.618;439
17.10.2022;11:30;16.791;7.478;431
17.10.2022;11:45;16.803;7.295;522
17.10.2022;12:00;16.915;7.232;864
17.10.2022;12:15;16.968;7.203;1.008
17.10.2022;12:30;17.052;7.211;1.071
17.10.2022;12:45;16.101;6.291;1.158
17.10.2022;13:00;16.139;6.308;1.023
17.10.2022;13:15;17.110;7.457;962
17.10.2022;13:30;16.888;7.582;889
17.10.2022;13:45;16.666;7.501;932
17.10.2022;14:00;16.588;7.466;660
17.10.2022;14:15;16.476;7.627;445
17.10.2022;14:30;16.310;7.677;329
17.10.2022;14:45;15.344;7.151;364
17.10.2022;15:00;16.060;8.320;374
17.10.2022;15:15;15.865;8.446;210
17.10.2022;15:30;15.828;8.686;137
17.10.2022;15:45;15.765;8.925;50
17.10.2022;16:00;15.602;9.186;202
17.10.2022;16:15;15.398;9.265;122
17.10.2022;16:30;15.316;9.634;130
17.10.2022;16:45;15.271;10.020;101
17.10.2022;17:00;15.252;10.355;163
17.10.2022;17:15;15.229;10.730;58
17.10.2022;17:30;15.379;11.214;32
17.10.2022;17:45;15.417;11.472;12
17.10.2022;18:00;15.443;11.633;11
17.10.2022;18:15;15.649;11.979;11
17.10.2022;18:30;15.903;12.297;41
17.10.2022;18:45;16.133;12.529;41
17.10.2022;19:00;16.045;12.389;41
17.10.2022;19:15;16.053;12.380;41
17.10.2022;19:30;15.933;12.239;41
17.10.2022;19:45;15.804;12.130;19
17.10.2022;20:00;15.508;11.836;2
17.10.2022;20:15;15.162;11.512;2
17.10.2022;20:30;14.943;11.299;33
17.10.2022;20:45;14.713;11.027;103
17.10.2022;21:00;14.675;10.960;10
17.10.2022;21:15;14.394;10.713;4
17.10.2022;21:30;14.124;10.468;53
17.10.2022;21:45;13.968;10.407;246
17.10.2022;22:00;13.644;10.220;162
17.10.2022;22:15;13.504;10.184;151
17.10.2022;22:30;13.379;10.144;233
17.10.2022;22:45;13.213;10.051;369
17.10.2022;23:00;13.046;9.992;398
17.10.2022;23:15;12.859;9.879;472
17.10.2022;23:30;12.706;9.823;479
17.10.2022;23:45;12.502;9.682;587
18.10.2022;00:00;12.277;9.503;915
18.10.2022;00:15;12.207;9.521;1.030
18.10.2022;00:30;12.057;9.452;1.000
18.10.2022;00:45;11.953;9.386;1.023
18.10.2022;01:00;11.858;9.327;1.109
18.10.2022;01:15;11.836;9.372;1.063
18.10.2022;01:30;11.782;9.403;1.054
18.10.2022;01:45;11.693;9.423;1.180
18.10.2022;02:00;11.606;9.371;1.190
18.10.2022;02:15;11.498;9.315;1.174
18.10.2022;02:30;11.496;9.373;1.213
18.10.2022;02:45;11.468;9.400;1.203
18.10.2022;03:00;11.534;9.482;1.329
18.10.2022;03:15;11.474;9.475;1.292
18.10.2022;03:30;11.534;9.596;1.175
18.10.2022;03:45;11.461;9.590;1.107
18.10.2022;04:00;11.539;9.692;1.262
18.10.2022;04:15;11.587;9.776;1.215
18.10.2022;04:30;11.878;10.108;1.007
18.10.2022;04:45;11.988;10.281;829
18.10.2022;05:00;12.109;10.482;696
18.10.2022;05:15;12.277;10.683;508
18.10.2022;05:30;12.551;10.983;285
18.10.2022;05:45;12.799;11.272;154
18.10.2022;06:00;13.465;11.990;48
18.10.2022;06:15;14.040;12.607;6
18.10.2022;06:30;14.390;12.928;43
18.10.2022;06:45;14.686;13.216;42
18.10.2022;07:00;15.096;13.593;41
18.10.2022;07:15;15.388;13.847;42
18.10.2022;07:30;15.681;14.130;42
18.10.2022;07:45;15.778;14.181;42
18.10.2022;08:00;15.868;14.155;30
18.10.2022;08:15;16.011;14.196;21
18.10.2022;08:30;16.146;14.164;42
18.10.2022;08:45;16.251;14.088;42
18.10.2022;09:00;16.210;13.892;41
18.10.2022;09:15;16.244;13.721;41
18.10.2022;09:30;16.323;13.583;42
18.10.2022;09:45;16.437;13.456;6
18.10.2022;10:00;16.490;13.310;22
18.10.2022;10:15;16.552;13.144;5
18.10.2022;10:30;16.701;13.057;8
18.10.2022;10:45;16.690;12.782;7
18.10.2022;11:00;16.731;12.513;5
18.10.2022;11:15;16.733;12.261;5
18.10.2022;11:30;16.877;12.077;26
18.10.2022;11:45;16.921;11.779;201
18.10.2022;12:00;17.012;11.577;154
18.10.2022;12:15;17.081;11.393;308
18.10.2022;12:30;17.163;11.252;409
18.10.2022;12:45;17.102;10.941;617
18.10.2022;13:00;17.074;10.689;571
18.10.2022;13:15;17.087;10.566;576
18.10.2022;13:30;16.933;10.264;720
18.10.2022;13:45;16.733;9.996;925
18.10.2022;14:00;16.662;9.878;997
18.10.2022;14:15;16.441;9.709;986
18.10.2022;14:30;16.372;9.699;961
18.10.2022;14:45;16.269;9.664;917
18.10.2022;15:00;16.385;9.917;853
18.10.2022;15:15;16.352;10.061;723
18.10.2022;15:30;16.155;10.080;597
18.10.2022;15:45;15.951;10.222;470
18.10.2022;16:00;15.832;10.434;485
18.10.2022;16:15;15.738;10.726;296
18.10.2022;16:30;15.764;11.170;173
18.10.2022;16:45;15.561;11.448;114
18.10.2022;17:00;15.398;11.690;198
18.10.2022;17:15;15.459;12.106;86
18.10.2022;17:30;15.500;12.483;41
18.10.2022;17:45;15.471;12.684;31
18.10.2022;18:00;15.537;12.833;63
18.10.2022;18:15;15.679;13.006;39
18.10.2022;18:30;15.948;13.278;33
18.10.2022;18:45;16.209;13.493;38
18.10.2022;19:00;16.270;13.509;39
18.10.2022;19:15;16.178;13.394;27
18.10.2022;19:30;16.107;13.282;27
18.10.2022;19:45;15.941;13.134;12
18.10.2022;20:00;15.618;12.861;37
18.10.2022;20:15;15.410;12.567;13
18.10.2022;20:30;15.180;12.216;64
18.10.2022;20:45;15.018;12.051;80
18.10.2022;21:00;14.815;11.848;43
18.10.2022;21:15;14.509;11.474;103
18.10.2022;21:30;14.208;11.158;96
18.10.2022;21:45;14.082;11.115;172
18.10.2022;22:00;13.966;11.026;173
18.10.2022;22:15;13.813;10.958;212
18.10.2022;22:30;13.620;10.811;263
18.10.2022;22:45;13.456;10.640;431
18.10.2022;23:00;13.191;10.469;725
18.10.2022;23:15;12.941;10.289;771
18.10.2022;23:30;12.763;10.091;781
18.10.2022;23:45;12.533;9.974;806
19.10.2022;00:00;12.264;9.675;955
19.10.2022;00:15;12.150;9.550;1.026
19.10.2022;00:30;12.015;9.472;1.150
19.10.2022;00:45;11.927;9.444;1.266
19.10.2022;01:00;11.797;9.382;1.268
19.10.2022;01:15;11.713;9.288;1.277
19.10.2022;01:30;11.691;9.268;1.422
19.10.2022;01:45;11.622;9.221;1.494
19.10.2022;02:00;11.573;9.208;1.511
19.10.2022;02:15;11.555;9.231;1.519
19.10.2022;02:30;11.487;9.168;1.550
19.10.2022;02:45;11.486;9.215;1.555
19.10.2022;03:00;11.611;9.412;1.470
19.10.2022;03:15;11.583;9.427;1.467
19.10.2022;03:30;11.574;9.485;1.424
19.10.2022;03:45;11.542;9.490;1.411
19.10.2022;04:00;11.616;9.609;1.251
19.10.2022;04:15;11.724;9.768;1.265
19.10.2022;04:30;11.856;9.945;1.206
19.10.2022;04:45;12.067;10.205;1.148
19.10.2022;05:00;12.355;10.508;1.066
19.10.2022;05:15;12.505;10.649;1.087
19.10.2022;05:30;12.661;10.814;931
19.10.2022;05:45;12.818;11.024;747
19.10.2022;06:00;13.467;11.724;503
19.10.2022;06:15;13.909;12.190;91
19.10.2022;06:30;14.423;12.778;20
19.10.2022;06:45;14.623;13.021;40
19.10.2022;07:00;14.919;13.365;8
19.10.2022;07:15;15.158;13.616;15
19.10.2022;07:30;15.367;13.851;2
19.10.2022;07:45;15.507;14.030;2
19.10.2022;08:00;15.644;14.155;30
19.10.2022;08:15;15.731;14.188;41
19.10.2022;08:30;15.868;14.235;40
19.10.2022;08:45;15.907;14.139;41
19.10.2022;09:00;15.864;13.919;41
19.10.2022;09:15;15.988;13.868;88
19.10.2022;09:30;16.129;13.828;95
19.10.2022;09:45;16.082;13.576;103
19.10.2022;10:00;16.172;13.437;36
19.10.2022;10:15;16.263;13.274;21
19.10.2022;10:30;16.227;12.945;28
19.10.2022;10:45;16.174;12.596;67
19.10.2022;11:00;16.561;12.746;37
19.10.2022;11:15;16.744;12.727;22
19.10.2022;11:30;16.803;12.625;52
19.10.2022;11:45;16.863;12.482;113
19.10.2022;12:00;17.040;12.474;45
19.10.2022;12:15;16.944;12.240;37
19.10.2022;12:30;16.921;12.083;64
19.10.2022;12:45;16.840;11.972;150
19.10.2022;13:00;16.676;11.657;9
19.10.2022;13:15;16.492;11.415;6
19.10.2022;13:30;16.220;11.090;71
19.10.2022;13:45;16.126;10.984;251
19.10.2022;14:00;16.037;10.920;140
19.10.2022;14:15;16.042;11.016;138
19.10.2022;14:30;15.864;10.930;146
19.10.2022;14:45;15.798;10.974;221
19.10.2022;15:00;15.770;11.093;246
19.10.2022;15:15;15.598;11.099;133
19.10.2022;15:30;15.419;11.162;18
19.10.2022;15:45;15.279;11.338;15
19.10.2022;16:00;15.153;11.489;192
19.10.2022;16:15;14.926;11.580;130
19.10.2022;16:30;14.904;11.907;38
19.10.2022;16:45;14.948;12.318;32
19.10.2022;17:00;15.040;12.766;4
19.10.2022;17:15;15.133;13.217;40
19.10.2022;17:30;15.315;13.627;42
19.10.2022;17:45;15.210;13.638;41
19.10.2022;18:00;15.370;13.759;41
19.10.2022;18:15;15.498;13.745;41
19.10.2022;18:30;15.724;13.783;41
19.10.2022;18:45;15.939;13.775;41
19.10.2022;19:00;15.902;13.472;42
19.10.2022;19:15;15.706;13.016;45
19.10.2022;19:30;15.584;12.684;22
19.10.2022;19:45;15.531;12.445;33
19.10.2022;20:00;15.322;12.082;72
19.10.2022;20:15;15.110;11.685;59
19.10.2022;20:30;14.806;11.193;56
19.10.2022;20:45;14.550;10.766;227
19.10.2022;21:00;14.490;10.590;139
19.10.2022;21:15;14.444;10.469;141
19.10.2022;21:30;14.177;10.033;341
19.10.2022;21:45;14.072;9.753;442
19.10.2022;22:00;13.874;9.450;207
19.10.2022;22:15;13.728;9.168;343
19.10.2022;22:30;13.429;8.729;375
19.10.2022;22:45;13.171;8.323;389
19.10.2022;23:00;12.951;8.000;353
19.10.2022;23:15;12.895;7.820;527
19.10.2022;23:30;12.731;7.525;775
19.10.2022;23:45;12.505;7.285;1.006
20.10.2022;00:00;12.175;6.925;963
20.10.2022;00:15;12.119;6.730;1.017
20.10.2022;00:30;11.980;6.468;1.063
20.10.2022;00:45;11.766;6.202;1.150
20.10.2022;01:00;11.673;6.004;1.101
20.10.2022;01:15;11.613;5.860;1.204
20.10.2022;01:30;11.598;5.832;1.334
20.10.2022;01:45;11.479;5.690;1.383
20.10.2022;02:00;11.418;5.600;1.326
20.10.2022;02:15;11.406;5.538;1.418
20.10.2022;02:30;11.404;5.478;1.483
20.10.2022;02:45;11.409;5.436;1.582
20.10.2022;03:00;11.474;5.468;1.517
20.10.2022;03:15;11.564;5.540;1.524
20.10.2022;03:30;11.612;5.579;1.540
20.10.2022;03:45;11.569;5.525;1.555
20.10.2022;04:00;11.683;5.598;1.571
20.10.2022;04:15;11.732;5.616;1.579
20.10.2022;04:30;11.878;5.745;1.567
20.10.2022;04:45;12.106;5.960;1.544
20.10.2022;05:00;12.336;6.195;1.291
20.10.2022;05:15;12.553;6.320;1.252
20.10.2022;05:30;12.892;6.639;1.068
20.10.2022;05:45;12.889;6.598;834
20.10.2022;06:00;13.815;7.451;562
20.10.2022;06:15;14.229;7.815;205
20.10.2022;06:30;14.571;8.042;90
20.10.2022;06:45;14.175;7.596;8
20.10.2022;07:00;15.242;8.697;27
20.10.2022;07:15;15.408;8.847;37
20.10.2022;07:30;15.632;9.011;41
20.10.2022;07:45;15.725;9.029;42
20.10.2022;08:00;15.872;9.018;43
20.10.2022;08:15;16.087;9.090;42
20.10.2022;08:30;16.144;9.011;42
20.10.2022;08:45;16.182;8.834;57
20.10.2022;09:00;16.282;8.637;40
20.10.2022;09:15;16.266;8.290;34
20.10.2022;09:30;16.416;8.181;56
20.10.2022;09:45;16.428;7.941;105
20.10.2022;10:00;16.568;7.954;15
20.10.2022;10:15;16.413;7.588;8
20.10.2022;10:30;16.592;7.586;78
20.10.2022;10:45;16.651;7.432;131
20.10.2022;11:00;16.896;7.357;131
20.10.2022;11:15;16.943;7.214;136
20.10.2022;11:30;17.096;7.201;114
20.10.2022;11:45;17.234;7.198;196
20.10.2022;12:00;17.193;7.164;140
20.10.2022;12:15;17.171;7.101;196
20.10.2022;12:30;17.209;7.267;222
20.10.2022;12:45;17.294;7.547;215
20.10.2022;13:00;17.316;7.798;334
20.10.2022;13:15;17.227;7.931;312
20.10.2022;13:30;16.990;7.923;326
20.10.2022;13:45;16.730;7.815;248
20.10.2022;14:00;16.807;8.032;383
20.10.2022;14:15;16.528;7.948;495
20.10.2022;14:30;16.259;7.969;499
20.10.2022;14:45;16.193;8.039;395
20.10.2022;15:00;16.032;8.085;488
20.10.2022;15:15;16.117;8.538;226
20.10.2022;15:30;16.128;8.853;105
20.10.2022;15:45;15.939;8.967;72
20.10.2022;16:00;15.878;9.059;190
20.10.2022;16:15;15.908;9.442;126
20.10.2022;16:30;15.928;9.767;32
20.10.2022;16:45;15.941;10.072;43
20.10.2022;17:00;15.887;10.155;39
20.10.2022;17:15;15.958;10.395;42
20.10.2022;17:30;15.966;10.472;41
20.10.2022;17:45;15.978;10.312;42
20.10.2022;18:00;16.014;10.241;44
20.10.2022;18:15;16.121;10.183;34
20.10.2022;18:30;16.310;10.256;40
20.10.2022;18:45;16.449;10.282;42
20.10.2022;19:00;16.586;10.383;29
20.10.2022;19:15;16.486;10.255;27
20.10.2022;19:30;16.330;10.060;28
20.10.2022;19:45;16.177;9.872;27
20.10.2022;20:00;15.993;9.649;42
20.10.2022;20:15;15.687;9.435;46
20.10.2022;20:30;15.479;9.318;47
20.10.2022;20:45;15.411;9.386;144
20.10.2022;21:00;14.987;9.131;10
20.10.2022;21:15;14.684;9.014;63
20.10.2022;21:30;14.511;9.046;73
20.10.2022;21:45;14.267;8.963;199
20.10.2022;22:00;14.021;8.836;77
20.10.2022;22:15;13.694;8.518;71
20.10.2022;22:30;13.466;8.385;87
20.10.2022;22:45;13.170;8.111;118
20.10.2022;23:00;13.089;8.104;308
20.10.2022;23:15;12.839;7.873;336
20.10.2022;23:30;12.804;7.901;370
20.10.2022;23:45;12.656;7.815;435
21.10.2022;00:00;12.447;7.577;733
21.10.2022;00:15;12.358;7.572;808
21.10.2022;00:30;12.308;7.573;820
21.10.2022;00:45;12.321;7.713;904
21.10.2022;01:00;12.191;7.667;1.132
21.10.2022;01:15;12.097;7.615;1.241
21.10.2022;01:30;12.123;7.756;1.285
21.10.2022;01:45;12.025;7.749;1.390
21.10.2022;02:00;11.849;7.631;1.418
21.10.2022;02:15;11.748;7.634;1.396
21.10.2022;02:30;11.706;7.656;1.406
21.10.2022;02:45;11.710;7.789;1.387
21.10.2022;03:00;11.611;7.875;1.336
21.10.2022;03:15;11.569;7.839;1.185
21.10.2022;03:30;11.515;7.821;1.219
21.10.2022;03:45;11.437;7.811;1.180
21.10.2022;04:00;11.574;7.939;1.471
21.10.2022;04:15;11.770;8.213;1.478
21.10.2022;04:30;11.770;8.204;1.396
21.10.2022;04:45;11.901;8.383;1.269
21.10.2022;05:00;12.129;8.666;1.165
21.10.2022;05:15;12.352;8.865;1.193
21.10.2022;05:30;12.751;9.286;1.050
21.10.2022;05:45;12.916;9.449;823
21.10.2022;06:00;13.293;9.827;442
21.10.2022;06:15;13.754;10.294;31
21.10.2022;06:30;14.168;10.730;9
21.10.2022;06:45;14.480;11.086;5
21.10.2022;07:00;14.832;11.520;7
21.10.2022;07:15;15.214;11.977;5
21.10.2022;07:30;15.326;12.065;4
21.10.2022;07:45;15.550;12.283;4
21.10.2022;08:00;15.843;12.595;35
21.10.2022;08:15;15.943;12.551;2
21.10.2022;08:30;15.950;12.368;2
21.10.2022;08:45;16.000;12.301;2
21.10.2022;09:00;16.176;12.442;2
21.10.2022;09:15;16.220;12.457;5
21.10.2022;09:30;16.333;12.528;2
21.10.2022;09:45;16.105;12.285;3
21.10.2022;10:00;16.219;12.385;1
21.10.2022;10:15;16.303;12.448;1
21.10.2022;10:30;16.303;12.470;1
21.10.2022;10:45;16.328;12.436;1
21.10.2022;11:00;16.266;12.408;2
21.10.2022;11:15;16.273;12.429;3
21.10.2022;11:30;16.320;12.470;3
21.10.2022;11:45;16.320;12.504;27
21.10.2022;12:00;16.342;12.540;46
21.10.2022;12:15;16.337;12.508;54
21.10.2022;12:30;16.293;12.519;11
21.10.2022;12:45;16.190;12.473;58
21.10.2022;13:00;16.050;12.347;38
21.10.2022;13:15;16.099;12.353;70
21.10.2022;13:30;15.799;12.014;101
21.10.2022;13:45;15.628;11.823;170
21.10.2022;14:00;15.400;11.653;139
21.10.2022;14:15;15.342;11.635;136
21.10.2022;14:30;15.273;11.636;63
21.10.2022;14:45;15.149;11.535;63
21.10.2022;15:00;15.138;11.600;67
21.10.2022;15:15;14.961;11.555;202
21.10.2022;15:30;14.940;11.619;261
21.10.2022;15:45;14.847;11.657;281
21.10.2022;16:00;14.819;11.771;370
21.10.2022;16:15;14.651;11.758;164
21.10.2022;16:30;14.572;11.844;88
21.10.2022;16:45;14.404;11.866;80
21.10.2022;17:00;14.466;12.083;19
21.10.2022;17:15;14.538;12.253;44
21.10.2022;17:30;14.636;12.354;51
21.10.2022;17:45;14.730;12.470;45
21.10.2022;18:00;14.714;12.424;117
21.10.2022;18:15;14.892;12.561;49
21.10.2022;18:30;15.158;12.839;42
21.10.2022;18:45;15.325;12.981;42
21.10.2022;19:00;15.260;12.885;41
21.10.2022;19:15;15.003;12.625;41
21.10.2022;19:30;14.782;12.405;42
21.10.2022;19:45;14.622;12.268;12
21.10.2022;20:00;14.344;11.949;42
21.10.2022;20:15;13.949;11.498;166
21.10.2022;20:30;13.780;11.315;283
21.10.2022;20:45;13.672;11.223;219
21.10.2022;21:00;13.349;10.898;185
21.10.2022;21:15;13.167;10.735;54
21.10.2022;21:30;13.027;10.639;121
21.10.2022;21:45;12.816;10.502;122
21.10.2022;22:00;12.597;10.314;116
21.10.2022;22:15;12.438;10.201;129
21.10.2022;22:30;12.164;9.961;192
21.10.2022;22:45;11.956;9.808;225
21.10.2022;23:00;11.807;9.718;26
21.10.2022;23:15;11.583;9.557;27
21.10.2022;23:30;11.520;9.541;90
21.10.2022;23:45;11.512;9.525;157
22.10.2022;00:00;11.493;9.498;98
22.10.2022;00:15;11.261;9.226;95
22.10.2022;00:30;11.252;9.252;161
22.10.2022;00:45;11.171;9.212;255
22.10.2022;01:00;10.938;8.979;207
22.10.2022;01:15;10.866;8.828;318
22.10.2022;01:30;10.708;8.638;379
22.10.2022;01:45;10.554;8.408;641
22.10.2022;02:00;10.522;8.333;639
22.10.2022;02:15;10.511;8.242;719
22.10.2022;02:30;10.525;8.232;792
22.10.2022;02:45;10.596;8.288;848
22.10.2022;03:00;10.611;8.314;927
22.10.2022;03:15;10.704;8.367;921
22.10.2022;03:30;10.649;8.249;937
22.10.2022;03:45;10.617;8.195;996
22.10.2022;04:00;10.683;8.282;1.053
22.10.2022;04:15;10.726;8.335;980
22.10.2022;04:30;10.857;8.513;899
22.10.2022;04:45;11.017;8.701;843
22.10.2022;05:00;11.063;8.744;628
22.10.2022;05:15;11.046;8.630;604
22.10.2022;05:30;11.108;8.699;625
22.10.2022;05:45;11.281;8.845;607
22.10.2022;06:00;11.182;8.723;410
22.10.2022;06:15;11.195;8.768;332
22.10.2022;06:30;11.291;8.870;266
22.10.2022;06:45;11.330;8.828;195
22.10.2022;07:00;11.614;9.014;269
22.10.2022;07:15;11.766;9.089;176
22.10.2022;07:30;11.924;9.172;93
22.10.2022;07:45;12.179;9.396;79
22.10.2022;08:00;12.317;9.475;100
22.10.2022;08:15;12.480;9.539;70
22.10.2022;08:30;12.852;9.783;36
22.10.2022;08:45;12.986;9.737;29
22.10.2022;09:00;13.114;9.621;17
22.10.2022;09:15;13.200;9.469;13
22.10.2022;09:30;13.367;9.323;58
22.10.2022;09:45;13.548;9.156;112
22.10.2022;10:00;13.782;9.098;185
22.10.2022;10:15;13.870;8.931;223
22.10.2022;10:30;13.851;8.693;291
22.10.2022;10:45;13.778;8.403;425
22.10.2022;11:00;13.785;8.142;318
22.10.2022;11:15;13.915;8.017;348
22.10.2022;11:30;13.901;7.744;515
22.10.2022;11:45;13.895;7.425;762
22.10.2022;12:00;13.770;6.987;527
22.10.2022;12:15;13.961;6.800;790
22.10.2022;12:30;14.032;6.670;1.021
22.10.2022;12:45;13.975;6.493;1.177
22.10.2022;13:00;13.861;6.322;1.119
22.10.2022;13:15;13.767;6.099;1.200
22.10.2022;13:30;13.617;5.870;1.388
22.10.2022;13:45;13.553;5.839;1.594
22.10.2022;14:00;13.453;5.801;1.584
22.10.2022;14:15;13.354;5.855;1.576
22.10.2022;14:30;13.290;5.941;1.612
22.10.2022;14:45;13.220;6.092;1.580
22.10.2022;15:00;13.154;6.306;1.519
22.10.2022;15:15;13.264;6.697;1.327
22.10.2022;15:30;13.237;6.958;1.145
22.10.2022;15:45;12.952;7.099;884
22.10.2022;16:00;12.830;7.488;1.021
22.10.2022;16:15;12.790;7.956;753
22.10.2022;16:30;12.651;8.248;352
22.10.2022;16:45;12.585;8.687;111
22.10.2022;17:00;12.830;9.431;406
22.10.2022;17:15;12.738;9.709;180
22.10.2022;17:30;12.832;10.070;107
22.10.2022;17:45;12.844;10.205;82
22.10.2022;18:00;12.858;10.241;90
22.10.2022;18:15;13.118;10.463;82
22.10.2022;18:30;13.302;10.514;82
22.10.2022;18:45;13.357;10.430;79
22.10.2022;19:00;13.380;10.377;12
22.10.2022;19:15;13.247;10.209;2
22.10.2022;19:30;13.053;9.894;22
22.10.2022;19:45;12.817;9.593;52
22.10.2022;20:00;12.772;9.497;55
22.10.2022;20:15;12.466;9.209;64
22.10.2022;20:30;12.332;9.119;83
22.10.2022;20:45;12.161;8.953;163
22.10.2022;21:00;11.876;8.729;81
22.10.2022;21:15;11.724;8.570;102
22.10.2022;21:30;11.608;8.477;176
22.10.2022;21:45;11.527;8.394;296
22.10.2022;22:00;11.483;8.380;101
22.10.2022;22:15;11.288;8.252;114
22.10.2022;22:30;11.127;8.155;112
22.10.2022;22:45;11.013;8.130;138
22.10.2022;23:00;10.856;8.082;143
22.10.2022;23:15;10.741;8.072;120
22.10.2022;23:30;10.619;8.037;207
22.10.2022;23:45;10.425;7.959;281
23.10.2022;00:00;10.216;7.848;147
23.10.2022;00:15;10.050;7.758;157
23.10.2022;00:30;9.829;7.541;265
23.10.2022;00:45;9.845;7.567;297
23.10.2022;01:00;9.713;7.444;271
23.10.2022;01:15;9.663;7.409;263
23.10.2022;01:30;9.668;7.438;361
23.10.2022;01:45;9.618;7.418;465
23.10.2022;02:00;9.446;7.279;416
23.10.2022;02:15;9.411;7.297;435
23.10.2022;02:30;9.358;7.299;462
23.10.2022;02:45;9.339;7.345;470
23.10.2022;03:00;9.343;7.383;602
23.10.2022;03:15;9.393;7.496;635
23.10.2022;03:30;9.410;7.577;619
23.10.2022;03:45;9.314;7.500;616
23.10.2022;04:00;9.450;7.646;722
23.10.2022;04:15;9.497;7.737;728
23.10.2022;04:30;9.553;7.864;701
23.10.2022;04:45;9.573;7.913;694
23.10.2022;05:00;9.385;7.783;620
23.10.2022;05:15;9.479;7.883;611
23.10.2022;05:30;9.476;7.887;583
23.10.2022;05:45;9.490;7.921;560
23.10.2022;06:00;9.502;7.929;414
23.10.2022;06:15;9.534;7.941;331
23.10.2022;06:30;9.558;7.938;207
23.10.2022;06:45;9.693;8.077;192
23.10.2022;07:00;9.967;8.323;231
23.10.2022;07:15;10.034;8.376;151
23.10.2022;07:30;10.071;8.355;124
23.10.2022;07:45;10.201;8.432;101
23.10.2022;08:00;10.326;8.446;106
23.10.2022;08:15;10.517;8.376;84
23.10.2022;08:30;10.780;8.340;87
23.10.2022;08:45;10.979;8.180;99
23.10.2022;09:00;11.200;8.002;99
23.10.2022;09:15;11.393;7.724;90
23.10.2022;09:30;11.517;7.473;143
23.10.2022;09:45;11.765;7.372;341
23.10.2022;10:00;11.931;7.166;147
23.10.2022;10:15;11.991;6.941;95
23.10.2022;10:30;12.337;7.020;212
23.10.2022;10:45;12.544;6.971;325
23.10.2022;11:00;12.474;6.593;122
23.10.2022;11:15;12.533;6.390;117
23.10.2022;11:30;12.722;6.426;114
23.10.2022;11:45;12.760;6.404;230
23.10.2022;12:00;12.745;6.241;343
23.10.2022;12:15;12.656;6.072;508
23.10.2022;12:30;12.679;6.055;480
23.10.2022;12:45;12.613;5.931;590
23.10.2022;13:00;12.707;6.127;1.040
23.10.2022;13:15;12.682;6.211;1.097
23.10.2022;13:30;12.509;6.167;1.147
23.10.2022;13:45;12.190;5.951;1.219
23.10.2022;14:00;12.314;6.198;1.171
23.10.2022;14:15;12.340;6.427;917
23.10.2022;14:30;12.155;6.394;854
23.10.2022;14:45;12.089;6.561;777
23.10.2022;15:00;11.930;6.610;489
23.10.2022;15:15;11.928;6.877;339
23.10.2022;15:30;11.840;6.889;188
23.10.2022;15:45;11.784;6.942;92
23.10.2022;16:00;11.890;7.180;129
23.10.2022;16:15;11.872;7.265;70
23.10.2022;16:30;11.769;7.174;70
23.10.2022;16:45;11.703;7.126;76
23.10.2022;17:00;11.971;7.303;270
23.10.2022;17:15;12.060;7.272;164
23.10.2022;17:30;12.175;7.157;200
23.10.2022;17:45;12.424;7.229;205
23.10.2022;18:00;12.706;7.238;214
23.10.2022;18:15;12.865;7.147;191
23.10.2022;18:30;13.061;7.147;206
23.10.2022;18:45;13.048;6.938;217
23.10.2022;19:00;12.953;6.658;142
23.10.2022;19:15;12.757;6.249;230
23.10.2022;19:30;12.687;6.056;236
23.10.2022;19:45;12.554;5.839;343
23.10.2022;20:00;12.553;5.733;154
23.10.2022;20:15;12.483;5.674;199
23.10.2022;20:30;12.432;5.501;342
23.10.2022;20:45;12.299;5.257;422
23.10.2022;21:00;12.118;5.074;361
23.10.2022;21:15;12.162;5.243;434
23.10.2022;21:30;12.138;5.388;502
23.10.2022;21:45;11.968;5.322;515
23.10.2022;22:00;11.996;5.627;272
23.10.2022;22:15;11.931;5.598;270
23.10.2022;22:30;11.642;5.340;333
23.10.2022;22:45;11.555;5.200;480
23.10.2022;23:00;11.377;4.938;555
23.10.2022;23:15;11.430;4.851;560
23.10.2022;23:30;11.345;4.671;775
23.10.2022;23:45;11.249;4.783;779
24.10.2022;00:00;11.076;4.958;1.163
24.10.2022;00:15;11.170;5.018;1.214
24.10.2022;00:30;10.982;4.630;1.317
24.10.2022;00:45;11.110;4.999;1.275
24.10.2022;01:00;11.003;4.854;1.173
24.10.2022;01:15;10.820;4.584;1.163
24.10.2022;01:30;10.779;4.460;1.201
24.10.2022;01:45;10.718;4.418;1.233
24.10.2022;02:00;10.522;4.140;1.387
24.10.2022;02:15;10.564;4.127;1.415
24.10.2022;02:30;10.569;4.127;1.419
24.10.2022;02:45;10.469;4.014;1.435
24.10.2022;03:00;10.456;3.997;1.424
24.10.2022;03:15;10.482;4.121;1.424
24.10.2022;03:30;10.478;4.128;1.421
24.10.2022;03:45;10.334;3.827;1.507
24.10.2022;04:00;10.628;4.072;1.443
24.10.2022;04:15;10.675;4.054;1.442
24.10.2022;04:30;10.902;4.283;1.439
24.10.2022;04:45;11.137;4.357;1.393
24.10.2022;05:00;11.483;4.634;1.328
24.10.2022;05:15;11.639;4.753;1.299
24.10.2022;05:30;11.883;4.689;1.313
24.10.2022;05:45;12.301;4.894;1.203
24.10.2022;06:00;12.976;5.385;1.084
24.10.2022;06:15;13.456;5.678;771
24.10.2022;06:30;13.930;5.942;456
24.10.2022;06:45;14.172;6.056;307
24.10.2022;07:00;14.697;6.416;374
24.10.2022;07:15;14.991;6.663;304
24.10.2022;07:30;15.310;6.836;289
24.10.2022;07:45;15.447;6.932;276
24.10.2022;08:00;15.797;7.272;145
24.10.2022;08:15;15.884;7.264;120
24.10.2022;08:30;16.004;7.304;110
24.10.2022;08:45;16.182;7.443;91
24.10.2022;09:00;16.112;7.390;130
24.10.2022;09:15;16.039;7.087;143
24.10.2022;09:30;16.172;6.997;85
24.10.2022;09:45;16.293;6.932;72
24.10.2022;10:00;16.377;6.765;112
24.10.2022;10:15;16.315;6.521;89
24.10.2022;10:30;16.435;6.490;104
24.10.2022;10:45;16.620;6.521;170
24.10.2022;11:00;17.000;6.802;130
24.10.2022;11:15;17.158;6.780;118
24.10.2022;11:30;16.921;6.470;117
24.10.2022;11:45;16.989;6.499;120
24.10.2022;12:00;17.140;6.650;191
24.10.2022;12:15;17.205;6.619;333
24.10.2022;12:30;17.288;6.617;366
24.10.2022;12:45;17.297;6.619;403
24.10.2022;13:00;17.203;6.477;464
24.10.2022;13:15;17.104;6.454;384
24.10.2022;13:30;17.032;6.441;449
24.10.2022;13:45;16.733;6.207;512
24.10.2022;14:00;16.764;6.231;683
24.10.2022;14:15;16.769;6.330;515
24.10.2022;14:30;16.324;5.967;526
24.10.2022;14:45;16.600;6.422;508
24.10.2022;15:00;16.798;6.719;487
24.10.2022;15:15;16.582;6.618;540
24.10.2022;15:30;16.274;6.606;528
24.10.2022;15:45;16.140;6.921;408
24.10.2022;16:00;16.016;7.167;451
24.10.2022;16:15;15.684;6.992;430
24.10.2022;16:30;15.658;7.197;314
24.10.2022;16:45;15.640;7.419;168
24.10.2022;17:00;15.794;7.864;304
24.10.2022;17:15;15.639;8.003;287
24.10.2022;17:30;15.860;8.314;205
24.10.2022;17:45;15.925;8.431;151
24.10.2022;18:00;16.020;8.601;236
24.10.2022;18:15;16.222;8.818;219
24.10.2022;18:30;16.422;8.974;175
24.10.2022;18:45;16.393;8.895;92
24.10.2022;19:00;16.303;8.747;96
24.10.2022;19:15;16.207;8.740;110
24.10.2022;19:30;16.073;8.670;169
24.10.2022;19:45;15.981;8.546;178
24.10.2022;20:00;15.779;8.370;132
24.10.2022;20:15;15.448;8.023;161
24.10.2022;20:30;15.233;7.813;179
24.10.2022;20:45;14.918;7.493;257
24.10.2022;21:00;14.610;7.162;383
24.10.2022;21:15;14.520;7.037;457
24.10.2022;21:30;14.249;6.973;545
24.10.2022;21:45;14.081;6.936;625
24.10.2022;22:00;13.782;6.668;293
24.10.2022;22:15;13.771;6.562;394
24.10.2022;22:30;13.592;6.458;644
24.10.2022;22:45;13.357;6.274;705
24.10.2022;23:00;13.100;6.040;831
24.10.2022;23:15;13.038;5.984;980
24.10.2022;23:30;12.843;5.848;1.024
24.10.2022;23:45;12.667;5.734;1.016
25.10.2022;00:00;12.325;5.482;720
25.10.2022;00:15;12.050;5.176;775
25.10.2022;00:30;11.962;5.079;893
25.10.2022;00:45;11.867;5.010;1.033
25.10.2022;01:00;11.689;4.909;1.121
25.10.2022;01:15;11.645;4.933;1.185
25.10.2022;01:30;11.654;4.949;1.242
25.10.2022;01:45;11.516;4.790;1.262
25.10.2022;02:00;11.474;4.790;1.275
25.10.2022;02:15;11.450;4.882;1.318
25.10.2022;02:30;11.548;5.078;1.233
25.10.2022;02:45;11.512;5.041;1.221
25.10.2022;03:00;11.378;4.851;1.091
25.10.2022;03:15;11.384;4.842;1.052
25.10.2022;03:30;11.464;4.999;1.128
25.10.2022;03:45;11.391;5.019;1.043
25.10.2022;04:00;11.573;5.171;1.021
25.10.2022;04:15;11.614;5.285;906
25.10.2022;04:30;11.730;5.433;778
25.10.2022;04:45;11.895;5.707;622
25.10.2022;05:00;12.412;6.333;699
25.10.2022;05:15;12.457;6.443;478
25.10.2022;05:30;12.720;6.755;418
25.10.2022;05:45;13.082;7.194;351
25.10.2022;06:00;13.819;7.955;491
25.10.2022;06:15;14.071;8.191;280
25.10.2022;06:30;14.413;8.463;163
25.10.2022;06:45;14.801;8.814;39
25.10.2022;07:00;15.223;9.300;27
25.10.2022;07:15;15.539;9.655;6
25.10.2022;07:30;15.653;9.872;6
25.10.2022;07:45;15.785;10.046;18
25.10.2022;08:00;16.046;10.299;13
25.10.2022;08:15;16.144;10.381;20
25.10.2022;08:30;16.256;10.376;27
25.10.2022;08:45;15.378;9.344;19
25.10.2022;09:00;16.259;10.193;6
25.10.2022;09:15;16.231;9.932;17
25.10.2022;09:30;16.241;9.605;6
25.10.2022;09:45;16.215;9.286;39
25.10.2022;10:00;16.313;8.937;75
25.10.2022;10:15;16.516;8.764;66
25.10.2022;10:30;16.767;8.730;91
25.10.2022;10:45;16.913;8.589;416
25.10.2022;11:00;16.916;8.344;413
25.10.2022;11:15;16.873;8.253;437
25.10.2022;11:30;17.092;8.630;347
25.10.2022;11:45;17.108;8.835;333
25.10.2022;12:00;16.607;8.402;476
25.10.2022;12:15;16.893;8.626;563
25.10.2022;12:30;16.856;8.284;807
25.10.2022;12:45;17.247;8.253;1.091
25.10.2022;13:00;17.197;7.848;1.096
25.10.2022;13:15;17.256;7.843;1.086
25.10.2022;13:30;17.009;7.528;1.127
25.10.2022;13:45;16.788;7.386;1.170
25.10.2022;14:00;16.834;7.655;1.118
25.10.2022;14:15;16.719;7.797;1.031
25.10.2022;14:30;16.532;7.938;1.007
25.10.2022;14:45;16.240;7.925;839
25.10.2022;15:00;16.103;8.223;649
25.10.2022;15:15;15.876;8.376;470
25.10.2022;15:30;15.706;8.598;323
25.10.2022;15:45;15.358;8.736;162
25.10.2022;16:00;15.503;9.518;402
25.10.2022;16:15;15.371;10.004;218
25.10.2022;16:30;15.280;10.548;131
25.10.2022;16:45;15.069;10.925;62
25.10.2022;17:00;15.172;11.535;254
25.10.2022;17:15;15.189;12.001;171
25.10.2022;17:30;15.187;12.295;25
25.10.2022;17:45;15.161;12.420;43
25.10.2022;18:00;15.299;12.665;7
25.10.2022;18:15;15.521;12.968;16
25.10.2022;18:30;15.658;13.084;41
25.10.2022;18:45;15.785;13.161;42
25.10.2022;19:00;15.676;13.052;42
25.10.2022;19:15;15.634;13.006;42
25.10.2022;19:30;15.488;12.841;33
25.10.2022;19:45;15.282;12.646;39
25.10.2022;20:00;15.168;12.510;42
25.10.2022;20:15;14.998;12.319;22
25.10.2022;20:30;14.734;12.049;98
25.10.2022;20:45;14.497;11.840;114
25.10.2022;21:00;14.232;11.564;88
25.10.2022;21:15;14.082;11.427;108
25.10.2022;21:30;13.939;11.274;186
25.10.2022;21:45;13.737;11.059;347
25.10.2022;22:00;13.565;10.922;71
25.10.2022;22:15;13.388;10.794;64
25.10.2022;22:30;13.147;10.629;106
25.10.2022;22:45;12.978;10.518;412
25.10.2022;23:00;12.630;10.212;168
25.10.2022;23:15;12.612;10.245;286
25.10.2022;23:30;12.459;10.129;399
25.10.2022;23:45;12.263;9.951;535
26.10.2022;00:00;11.858;9.566;565
26.10.2022;00:15;11.556;9.306;623
26.10.2022;00:30;11.507;9.342;684
26.10.2022;00:45;11.400;9.306;712
26.10.2022;01:00;11.345;9.333;692
26.10.2022;01:15;11.360;9.423;592
26.10.2022;01:30;11.315;9.458;622
26.10.2022;01:45;11.273;9.477;671
26.10.2022;02:00;11.178;9.435;812
26.10.2022;02:15;11.205;9.467;833
26.10.2022;02:30;11.171;9.470;848
26.10.2022;02:45;11.081;9.393;870
26.10.2022;03:00;11.176;9.477;980
26.10.2022;03:15;11.214;9.486;998
26.10.2022;03:30;11.206;9.469;1.075
26.10.2022;03:45;11.206;9.481;1.071
26.10.2022;04:00;11.299;9.580;1.157
26.10.2022;04:15;11.416;9.732;1.139
26.10.2022;04:30;11.463;9.801;1.052
26.10.2022;04:45;11.653;9.974;915
26.10.2022;05:00;11.786;10.064;702
26.10.2022;05:15;11.866;10.126;536
26.10.2022;05:30;12.143;10.361;408
26.10.2022;05:45;12.497;10.637;201
26.10.2022;06:00;13.225;11.311;325
26.10.2022;06:15;13.668;11.692;58
26.10.2022;06:30;14.047;12.018;19
26.10.2022;06:45;14.338;12.246;41
26.10.2022;07:00;14.732;12.545;50
26.10.2022;07:15;15.041;12.778;37
26.10.2022;07:30;15.201;12.838;19
26.10.2022;07:45;15.375;12.932;37
26.10.2022;08:00;15.536;12.994;35
26.10.2022;08:15;15.707;13.005;35
26.10.2022;08:30;15.803;12.889;34
26.10.2022;08:45;15.718;12.568;34
26.10.2022;09:00;15.790;12.345;34
26.10.2022;09:15;15.768;12.050;34
26.10.2022;09:30;16.057;12.064;16
26.10.2022;09:45;16.159;11.884;54
26.10.2022;10:00;16.214;11.701;21
26.10.2022;10:15;16.160;11.343;48
26.10.2022;10:30;16.266;11.115;74
26.10.2022;10:45;16.449;11.031;170
26.10.2022;11:00;16.528;10.893;22
26.10.2022;11:15;16.637;10.830;18
26.10.2022;11:30;16.730;10.768;115
26.10.2022;11:45;16.790;10.719;271
26.10.2022;12:00;16.750;10.628;63
26.10.2022;12:15;16.748;10.546;140
26.10.2022;12:30;16.466;10.205;265
26.10.2022;12:45;16.710;10.446;296
26.10.2022;13:00;16.550;10.274;98
26.10.2022;13:15;16.405;10.103;42
26.10.2022;13:30;16.246;9.880;93
26.10.2022;13:45;16.157;9.769;162
26.10.2022;14:00;16.129;9.800;233
26.10.2022;14:15;16.047;9.828;172
26.10.2022;14:30;15.909;9.852;161
26.10.2022;14:45;15.835;9.987;160
26.10.2022;15:00;15.883;10.260;378
26.10.2022;15:15;15.672;10.306;267
26.10.2022;15:30;15.216;10.183;139
26.10.2022;15:45;15.513;10.866;86
26.10.2022;16:00;15.567;11.316;248
26.10.2022;16:15;15.493;11.644;87
26.10.2022;16:30;15.403;11.924;23
26.10.2022;16:45;15.391;12.250;18
26.10.2022;17:00;15.284;12.365;132
26.10.2022;17:15;15.325;12.501;47
26.10.2022;17:30;15.341;12.511;4
26.10.2022;17:45;15.399;12.517;40
26.10.2022;18:00;15.642;12.549;64
26.10.2022;18:15;15.795;12.465;64
26.10.2022;18:30;16.014;12.405;64
26.10.2022;18:45;16.059;12.216;62
26.10.2022;19:00;16.043;12.015;3
26.10.2022;19:15;15.818;11.657;4
26.10.2022;19:30;15.583;11.375;5
26.10.2022;19:45;15.522;11.164;26
26.10.2022;20:00;15.412;10.926;33
26.10.2022;20:15;15.248;10.666;123
26.10.2022;20:30;14.952;10.278;202
26.10.2022;20:45;14.926;10.209;329
26.10.2022;21:00;14.654;9.885;144
26.10.2022;21:15;14.400;9.564;194
26.10.2022;21:30;14.200;9.320;310
26.10.2022;21:45;14.043;9.170;417
26.10.2022;22:00;13.902;9.126;369
26.10.2022;22:15;13.721;8.937;461
26.10.2022;22:30;13.499;8.709;412
26.10.2022;22:45;13.348;8.574;633
26.10.2022;23:00;13.135;8.368;529
26.10.2022;23:15;12.953;8.201;747
26.10.2022;23:30;12.721;8.013;899
26.10.2022;23:45;12.533;7.981;957
27.10.2022;00:00;12.091;7.520;917
27.10.2022;00:15;11.866;7.358;971
27.10.2022;00:30;11.792;7.387;1.102
27.10.2022;00:45;11.650;7.449;1.102
27.10.2022;01:00;11.624;7.602;1.028
27.10.2022;01:15;11.456;7.604;1.033
27.10.2022;01:30;11.348;7.617;988
27.10.2022;01:45;11.325;7.815;999
27.10.2022;02:00;11.347;7.987;957
27.10.2022;02:15;11.352;8.113;912
27.10.2022;02:30;11.346;8.198;892
27.10.2022;02:45;11.267;8.220;905
27.10.2022;03:00;11.357;8.224;1.100
27.10.2022;03:15;11.394;8.305;1.076
27.10.2022;03:30;11.385;8.363;1.052
27.10.2022;03:45;11.327;8.332;1.066
27.10.2022;04:00;11.307;8.307;998
27.10.2022;04:15;11.463;8.529;937
27.10.2022;04:30;11.603;8.754;793
27.10.2022;04:45;11.717;8.963;715
27.10.2022;05:00;12.023;9.334;739
27.10.2022;05:15;12.281;9.593;579
27.10.2022;05:30;12.598;9.993;440
27.10.2022;05:45;12.982;10.447;325
27.10.2022;06:00;13.551;11.090;88
27.10.2022;06:15;13.980;11.524;17
27.10.2022;06:30;14.337;11.826;13
27.10.2022;06:45;14.564;12.007;7
27.10.2022;07:00;14.906;12.331;6
27.10.2022;07:15;15.178;12.600;5
27.10.2022;07:30;15.440;12.835;5
27.10.2022;07:45;15.492;12.874;32
27.10.2022;08:00;15.685;13.046;21
27.10.2022;08:15;15.791;12.956;9
27.10.2022;08:30;15.876;12.778;7
27.10.2022;08:45;15.954;12.537;5
27.10.2022;09:00;15.789;11.975;8
27.10.2022;09:15;15.790;11.495;6
27.10.2022;09:30;15.798;11.028;27
27.10.2022;09:45;15.799;10.614;142
27.10.2022;10:00;15.754;10.065;16
27.10.2022;10:15;15.953;9.863;40
27.10.2022;10:30;16.059;9.622;101
27.10.2022;10:45;16.176;9.428;222
27.10.2022;11:00;16.256;9.204;67
27.10.2022;11:15;16.199;8.903;72
27.10.2022;11:30;16.271;8.717;186
27.10.2022;11:45;16.466;8.713;235
27.10.2022;12:00;16.185;8.274;43
27.10.2022;12:15;16.057;8.043;12
27.10.2022;12:30;15.956;7.867;7
27.10.2022;12:45;15.865;7.684;88
27.10.2022;13:00;15.793;7.582;225
27.10.2022;13:15;15.812;7.553;313
27.10.2022;13:30;15.609;7.328;495
27.10.2022;13:45;15.592;7.328;587
27.10.2022;14:00;15.896;7.765;634
27.10.2022;14:15;15.740;7.876;422
27.10.2022;14:30;15.484;7.840;450
27.10.2022;14:45;15.420;8.036;419
27.10.2022;15:00;15.354;8.282;345
27.10.2022;15:15;15.242;8.518;296
27.10.2022;15:30;15.225;8.836;112
27.10.2022;15:45;15.220;9.163;23
27.10.2022;16:00;15.150;9.431;141
27.10.2022;16:15;15.213;9.865;52
27.10.2022;16:30;15.192;10.203;19
27.10.2022;16:45;15.182;10.531;31
27.10.2022;17:00;15.366;10.925;138
27.10.2022;17:15;15.076;10.731;62
27.10.2022;17:30;15.067;10.743;51
27.10.2022;17:45;15.111;10.635;25
27.10.2022;18:00;15.416;10.740;24
27.10.2022;18:15;15.698;10.811;25
27.10.2022;18:30;15.934;10.851;25
27.10.2022;18:45;15.958;10.710;25
27.10.2022;19:00;15.872;10.421;25
27.10.2022;19:15;15.699;10.032;60
27.10.2022;19:30;15.675;9.920;72
27.10.2022;19:45;15.526;9.636;76
27.10.2022;20:00;15.246;9.372;38
27.10.2022;20:15;15.037;9.103;29
27.10.2022;20:30;14.776;8.864;34
27.10.2022;20:45;14.687;8.784;46
27.10.2022;21:00;14.469;8.566;62
27.10.2022;21:15;14.206;8.343;93
27.10.2022;21:30;14.022;8.176;108
27.10.2022;21:45;13.921;8.073;268
27.10.2022;22:00;13.693;7.939;104
27.10.2022;22:15;13.454;7.703;154
27.10.2022;22:30;13.255;7.555;125
27.10.2022;22:45;13.202;7.548;283
27.10.2022;23:00;12.849;7.106;204
27.10.2022;23:15;12.698;6.913;371
27.10.2022;23:30;12.550;6.827;384
27.10.2022;23:45;12.442;6.846;431
28.10.2022;00:00;12.313;6.849;991
28.10.2022;00:15;12.227;6.885;971
28.10.2022;00:30;12.078;6.841;977
28.10.2022;00:45;11.925;6.787;1.000
28.10.2022;01:00;11.787;6.760;1.028
28.10.2022;01:15;11.624;6.766;1.027
28.10.2022;01:30;11.500;6.789;1.005
28.10.2022;01:45;11.357;6.755;945
28.10.2022;02:00;11.272;6.766;1.185
28.10.2022;02:15;11.322;6.970;1.226
28.10.2022;02:30;11.414;7.219;1.187
28.10.2022;02:45;11.365;7.310;1.201
28.10.2022;03:00;11.311;7.359;1.301
28.10.2022;03:15;11.259;7.397;1.285
28.10.2022;03:30;11.282;7.481;1.244
28.10.2022;03:45;11.219;7.500;1.211
28.10.2022;04:00;11.249;7.514;1.131
28.10.2022;04:15;11.401;7.639;1.017
28.10.2022;04:30;11.583;7.858;924
28.10.2022;04:45;11.541;7.784;891
28.10.2022;05:00;11.916;8.193;1.059
28.10.2022;05:15;12.128;8.454;976
28.10.2022;05:30;12.353;8.671;983
28.10.2022;05:45;12.561;8.833;726
28.10.2022;06:00;13.262;9.485;527
28.10.2022;06:15;13.544;9.706;119
28.10.2022;06:30;13.806;9.929;99
28.10.2022;06:45;14.078;10.105;109
28.10.2022;07:00;14.504;10.477;207
28.10.2022;07:15;14.757;10.672;269
28.10.2022;07:30;15.067;10.974;183
28.10.2022;07:45;15.218;11.090;85
28.10.2022;08:00;15.436;11.239;43
28.10.2022;08:15;15.511;11.172;43
28.10.2022;08:30;15.704;11.212;45
28.10.2022;08:45;15.854;11.108;44
28.10.2022;09:00;15.890;10.983;44
28.10.2022;09:15;15.817;10.593;45
28.10.2022;09:30;16.191;10.635;9
28.10.2022;09:45;15.985;10.111;23
28.10.2022;10:00;15.945;9.755;50
28.10.2022;10:15;16.121;9.675;15
28.10.2022;10:30;16.079;9.429;21
28.10.2022;10:45;16.183;9.389;32
28.10.2022;11:00;16.096;9.161;46
28.10.2022;11:15;16.122;9.025;6
28.10.2022;11:30;16.348;9.100;3
28.10.2022;11:45;16.321;8.930;3
28.10.2022;12:00;16.340;8.786;10
28.10.2022;12:15;16.276;8.712;11
28.10.2022;12:30;16.180;8.556;6
28.10.2022;12:45;16.034;8.339;38
28.10.2022;13:00;15.963;8.267;386
28.10.2022;13:15;15.762;8.139;475
28.10.2022;13:30;15.644;8.001;511
28.10.2022;13:45;15.535;7.942;503
28.10.2022;14:00;15.440;7.982;371
28.10.2022;14:15;15.312;8.019;175
28.10.2022;14:30;15.244;8.167;28
28.10.2022;14:45;15.315;8.379;23
28.10.2022;15:00;15.469;8.722;111
28.10.2022;15:15;15.262;8.818;18
28.10.2022;15:30;15.110;8.988;5
28.10.2022;15:45;14.947;9.067;4
28.10.2022;16:00;14.869;9.182;36
28.10.2022;16:15;14.844;9.361;11
28.10.2022;16:30;14.850;9.529;4
28.10.2022;16:45;14.793;9.615;16
28.10.2022;17:00;14.809;9.714;98
28.10.2022;17:15;14.874;9.825;70
28.10.2022;17:30;14.877;9.804;70
28.10.2022;17:45;14.945;9.694;46
28.10.2022;18:00;15.245;9.888;7
28.10.2022;18:15;15.382;9.844;7
28.10.2022;18:30;15.539;9.858;7
28.10.2022;18:45;15.502;9.685;7
28.10.2022;19:00;15.379;9.366;25
28.10.2022;19:15;15.284;9.135;18
28.10.2022;19:30;15.172;8.881;96
28.10.2022;19:45;15.110;8.660;236
28.10.2022;20:00;14.915;8.372;101
28.10.2022;20:15;14.555;8.016;152
28.10.2022;20:30;14.274;7.728;224
28.10.2022;20:45;13.991;7.468;320
28.10.2022;21:00;13.734;7.241;180
28.10.2022;21:15;13.562;7.134;169
28.10.2022;21:30;13.283;6.966;152
28.10.2022;21:45;13.166;6.996;244
28.10.2022;22:00;12.936;7.064;49
28.10.2022;22:15;12.853;7.108;34
28.10.2022;22:30;12.604;7.050;31
28.10.2022;22:45;12.335;6.902;131
28.10.2022;23:00;12.115;6.803;185
28.10.2022;23:15;11.970;6.838;249
28.10.2022;23:30;11.769;6.897;255
28.10.2022;23:45;11.616;6.902;266
29.10.2022;00:00;11.534;6.998;111
29.10.2022;00:15;11.370;6.949;131
29.10.2022;00:30;11.244;7.041;43
29.10.2022;00:45;11.182;7.146;77
29.10.2022;01:00;11.035;7.192;232
29.10.2022;01:15;10.894;7.251;205
29.10.2022;01:30;10.794;7.349;188
29.10.2022;01:45;10.615;7.357;147
29.10.2022;02:00;10.724;7.651;402
29.10.2022;02:15;10.622;7.671;392
29.10.2022;02:30;10.553;7.670;353
29.10.2022;02:45;10.427;7.628;392
29.10.2022;03:00;10.602;7.934;628
29.10.2022;03:15;10.537;8.037;557
29.10.2022;03:30;10.439;8.032;463
29.10.2022;03:45;10.315;8.016;421
29.10.2022;04:00;10.380;8.226;393
29.10.2022;04:15;10.360;8.314;396
29.10.2022;04:30;10.396;8.454;391
29.10.2022;04:45;10.392;8.512;313
29.10.2022;05:00;10.507;8.655;270
29.10.2022;05:15;10.541;8.746;256
29.10.2022;05:30;10.521;8.838;238
29.10.2022;05:45;10.586;8.966;185
29.10.2022;06:00;10.809;9.240;198
29.10.2022;06:15;10.832;9.297;103
29.10.2022;06:30;10.980;9.423;24
29.10.2022;06:45;11.036;9.520;14
29.10.2022;07:00;11.227;9.713;117
29.10.2022;07:15;11.432;9.927;76
29.10.2022;07:30;11.577;10.066;62
29.10.2022;07:45;11.767;10.242;18
29.10.2022;08:00;12.059;10.465;96
29.10.2022;08:15;12.200;10.464;126
29.10.2022;08:30;12.359;10.439;141
29.10.2022;08:45;12.427;10.282;155
29.10.2022;09:00;12.685;10.282;51
29.10.2022;09:15;12.821;10.158;142
29.10.2022;09:30;13.053;10.110;178
29.10.2022;09:45;13.235;10.020;296
29.10.2022;10:00;13.249;9.803;48
29.10.2022;10:15;13.284;9.618;141
29.10.2022;10:30;13.330;9.418;211
29.10.2022;10:45;13.535;9.392;291
29.10.2022;11:00;13.659;9.260;120
29.10.2022;11:15;13.794;9.192;131
29.10.2022;11:30;13.900;9.156;194
29.10.2022;11:45;13.999;9.107;310
29.10.2022;12:00;13.993;8.994;250
29.10.2022;12:15;13.966;8.927;349
29.10.2022;12:30;13.845;8.746;307
29.10.2022;12:45;13.725;8.591;496
29.10.2022;13:00;13.570;8.474;630
29.10.2022;13:15;13.349;8.232;815
29.10.2022;13:30;13.300;8.213;1.149
29.10.2022;13:45;13.154;8.199;1.290
29.10.2022;14:00;13.104;8.269;1.400
29.10.2022;14:15;13.073;8.476;1.304
29.10.2022;14:30;12.927;8.568;1.227
29.10.2022;14:45;12.833;8.741;1.079
29.10.2022;15:00;12.976;9.210;832
29.10.2022;15:15;12.803;9.360;552
29.10.2022;15:30;12.713;9.557;389
29.10.2022;15:45;12.615;9.820;250
29.10.2022;16:00;12.615;10.195;352
29.10.2022;16:15;12.648;10.574;184
29.10.2022;16:30;12.531;10.754;8
29.10.2022;16:45;12.465;10.925;4
29.10.2022;17:00;12.655;11.277;88
29.10.2022;17:15;12.744;11.461;93
29.10.2022;17:30;12.888;11.673;78
29.10.2022;17:45;13.124;11.858;15
29.10.2022;18:00;13.307;11.998;7
29.10.2022;18:15;13.493;12.098;7
29.10.2022;18:30;13.571;12.039;7
29.10.2022;18:45;13.530;11.845;6
29.10.2022;19:00;13.389;11.588;6
29.10.2022;19:15;13.233;11.318;3
29.10.2022;19:30;13.087;11.053;4
29.10.2022;19:45;12.818;10.643;89
29.10.2022;20:00;12.714;10.400;53
29.10.2022;20:15;12.469;10.083;111
29.10.2022;20:30;12.251;9.793;183
29.10.2022;20:45;12.159;9.623;345
29.10.2022;21:00;12.167;9.565;173
29.10.2022;21:15;11.977;9.310;183
29.10.2022;21:30;11.905;9.242;291
29.10.2022;21:45;11.737;9.039;391
29.10.2022;22:00;11.533;8.848;111
29.10.2022;22:15;11.365;8.680;107
29.10.2022;22:30;11.263;8.604;207
29.10.2022;22:45;11.207;8.553;354
29.10.2022;23:00;10.910;8.216;136
29.10.2022;23:15;10.773;8.031;197
29.10.2022;23:30;10.601;7.860;281
29.10.2022;23:45;10.551;7.786;319
30.10.2022;00:00;10.223;8.259;547
30.10.2022;00:15;10.066;8.112;607
30.10.2022;00:30;9.948;7.952;655
30.10.2022;00:45;9.806;7.773;706
30.10.2022;01:00;9.557;6.719;773
30.10.2022;01:15;9.619;6.735;725
30.10.2022;01:30;9.555;6.655;731
30.10.2022;01:45;9.549;6.660;779
30.10.2022;02:00;9.756;-;768
30.10.2022;02:15;9.671;-;767
30.10.2022;02:30;9.602;-;816
30.10.2022;02:45;9.434;-;818
30.10.2022;02:00;9.596;6.783;873
30.10.2022;02:15;9.485;6.678;926
30.10.2022;02:30;9.503;6.687;883
30.10.2022;02:45;9.548;-;873
30.10.2022;03:00;9.587;6.804;1.231
30.10.2022;03:15;9.466;6.669;1.311
30.10.2022;03:30;9.577;6.806;1.258
30.10.2022;03:45;9.572;6.794;1.228
30.10.2022;04:00;9.547;6.802;1.303
30.10.2022;04:15;9.582;6.862;1.322
30.10.2022;04:30;9.662;6.932;1.227
30.10.2022;04:45;9.647;6.893;1.164
30.10.2022;05:00;9.678;6.980;1.088
30.10.2022;05:15;9.697;7.058;1.039
30.10.2022;05:30;9.664;7.102;1.003
30.10.2022;05:45;9.722;7.249;962
30.10.2022;06:00;9.802;7.392;774
30.10.2022;06:15;9.799;7.427;653
30.10.2022;06:30;9.927;7.596;436
30.10.2022;06:45;10.042;7.780;287
30.10.2022;07:00;10.158;8.005;208
30.10.2022;07:15;10.214;8.009;165
30.10.2022;07:30;10.500;8.159;209
30.10.2022;07:45;10.723;8.141;241
30.10.2022;08:00;10.980;8.096;163
30.10.2022;08:15;11.074;7.844;201
30.10.2022;08:30;11.233;7.670;268
30.10.2022;08:45;11.444;7.557;450
30.10.2022;09:00;11.399;7.161;231
30.10.2022;09:15;11.411;6.702;357
30.10.2022;09:30;11.643;6.539;592
30.10.2022;09:45;11.827;6.394;740
30.10.2022;10:00;11.764;6.003;646
30.10.2022;10:15;11.966;5.910;673
30.10.2022;10:30;12.117;5.917;845
30.10.2022;10:45;12.181;5.875;743
30.10.2022;11:00;12.301;5.801;554
30.10.2022;11:15;12.387;5.830;508
30.10.2022;11:30;12.368;5.759;478
30.10.2022;11:45;12.441;5.839;586
30.10.2022;12:00;12.398;5.830;531
30.10.2022;12:15;12.387;5.913;539
30.10.2022;12:30;12.390;6.019;628
30.10.2022;12:45;12.284;6.066;616
30.10.2022;13:00;12.265;6.225;615
30.10.2022;13:15;12.056;6.299;553
30.10.2022;13:30;11.918;6.450;505
30.10.2022;13:45;11.743;6.667;332
30.10.2022;14:00;11.840;7.150;526
30.10.2022;14:15;11.736;7.496;358
30.10.2022;14:30;11.561;7.805;163
30.10.2022;14:45;11.378;8.114;69
30.10.2022;15:00;11.502;8.720;226
30.10.2022;15:15;11.347;9.045;47
30.10.2022;15:30;11.330;9.454;10
30.10.2022;15:45;11.288;9.822;6
30.10.2022;16:00;11.265;10.140;72
30.10.2022;16:15;11.326;10.423;34
30.10.2022;16:30;11.427;10.642;12
30.10.2022;16:45;11.473;10.670;42
30.10.2022;17:00;11.805;10.962;6
30.10.2022;17:15;12.103;11.208;14
30.10.2022;17:30;12.351;11.378;42
30.10.2022;17:45;12.401;11.326;43
30.10.2022;18:00;12.371;11.210;43
30.10.2022;18:15;12.282;11.021;43
30.10.2022;18:30;12.218;10.899;43
30.10.2022;18:45;12.101;10.700;44
30.10.2022;19:00;12.040;10.586;43
30.10.2022;19:15;11.868;10.374;42
30.10.2022;19:30;11.770;10.200;74
30.10.2022;19:45;11.685;10.040;98
30.10.2022;20:00;11.628;9.936;44
30.10.2022;20:15;11.565;9.845;38
30.10.2022;20:30;11.469;9.773;35
30.10.2022;20:45;11.331;9.659;47
30.10.2022;21:00;11.303;9.580;45
30.10.2022;21:15;11.229;9.444;47
30.10.2022;21:30;11.108;9.274;80
30.10.2022;21:45;11.093;9.248;110
30.10.2022;22:00;11.147;9.267;236
30.10.2022;22:15;11.041;9.142;275
30.10.2022;22:30;10.874;8.919;233
30.10.2022;22:45;10.715;8.664;285
30.10.2022;23:00;10.666;8.558;232
30.10.2022;23:15;10.504;8.374;320
30.10.2022;23:30;10.382;8.252;356
30.10.2022;23:45;10.325;8.172;373
31.10.2022;00:00;10.145;7.953;171
31.10.2022;00:15;10.000;7.755;247
31.10.2022;00:30;9.946;7.720;409
31.10.2022;00:45;9.896;7.693;505
31.10.2022;01:00;9.871;7.690;443
31.10.2022;01:15;9.877;7.740;447
31.10.2022;01:30;9.741;7.590;441
31.10.2022;01:45;9.706;7.574;480
31.10.2022;02:00;9.773;7.670;567
31.10.2022;02:15;9.735;7.669;543
31.10.2022;02:30;9.759;7.722;557
31.10.2022;02:45;9.703;7.682;558
31.10.2022;03:00;9.805;7.807;701
31.10.2022;03:15;9.766;7.803;712
31.10.2022;03:30;9.820;7.918;631
31.10.2022;03:45;9.781;7.975;608
31.10.2022;04:00;9.892;8.183;717
31.10.2022;04:15;9.879;8.254;640
31.10.2022;04:30;10.011;8.475;472
31.10.2022;04:45;10.160;8.669;328
31.10.2022;05:00;10.511;9.067;410
31.10.2022;05:15;10.467;9.079;303
31.10.2022;05:30;10.440;9.131;178
31.10.2022;05:45;10.655;9.408;136
31.10.2022;06:00;11.132;9.934;449
31.10.2022;06:15;11.359;10.185;307
31.10.2022;06:30;11.547;10.420;267
31.10.2022;06:45;11.764;10.689;145
31.10.2022;07:00;11.861;10.825;45
31.10.2022;07:15;12.054;10.959;59
31.10.2022;07:30;12.266;11.001;35
31.10.2022;07:45;12.484;11.026;70
31.10.2022;08:00;12.816;11.135;74
31.10.2022;08:15;12.912;10.952;114
31.10.2022;08:30;13.046;10.779;136
31.10.2022;08:45;13.091;10.499;174
31.10.2022;09:00;13.284;10.370;87
31.10.2022;09:15;13.370;10.214;105
31.10.2022;09:30;13.428;10.008;125
31.10.2022;09:45;13.514;9.846;183
31.10.2022;10:00;13.639;9.717;104
31.10.2022;10:15;13.783;9.745;238
31.10.2022;10:30;13.792;9.596;317
31.10.2022;10:45;13.940;9.657;282
31.10.2022;11:00;14.051;9.718;67
31.10.2022;11:15;14.170;9.797;62
31.10.2022;11:30;14.306;9.906;57
31.10.2022;11:45;14.256;9.918;73
31.10.2022;12:00;14.178;9.866;26
31.10.2022;12:15;14.050;9.765;22
31.10.2022;12:30;13.966;9.771;24
31.10.2022;12:45;13.946;9.928;25
31.10.2022;13:00;13.989;10.174;62
31.10.2022;13:15;13.846;10.249;66
31.10.2022;13:30;13.786;10.404;47
31.10.2022;13:45;13.638;10.451;33
31.10.2022;14:00;13.600;10.655;38
31.10.2022;14:15;13.454;10.687;30
31.10.2022;14:30;13.378;10.805;30
31.10.2022;14:45;13.318;10.927;39
31.10.2022;15:00;13.188;10.984;31
31.10.2022;15:15;13.159;11.164;21
31.10.2022;15:30;13.069;11.283;42
31.10.2022;15:45;13.001;11.363;33
31.10.2022;16:00;13.124;11.601;7
31.10.2022;16:15;13.140;11.690;19
31.10.2022;16:30;13.157;11.710;14
31.10.2022;16:45;13.309;11.766;3
31.10.2022;17:00;13.616;11.970;3
31.10.2022;17:15;13.886;12.138;3
31.10.2022;17:30;13.992;12.098;3
31.10.2022;17:45;13.987;11.925;3
31.10.2022;18:00;13.974;11.705;3
31.10.2022;18:15;13.842;11.403;3
31.10.2022;18:30;13.672;11.052;3
31.10.2022;18:45;13.581;10.726;51
31.10.2022;19:00;13.538;10.496;7
31.10.2022;19:15;13.358;10.200;31
31.10.2022;19:30;13.349;10.085;26
31.10.2022;19:45;13.250;9.831;62
31.10.2022;20:00;12.968;9.364;37
31.10.2022;20:15;12.679;8.926;51
31.10.2022;20:30;12.572;8.669;129
31.10.2022;20:45;12.396;8.279;322
31.10.2022;21:00;12.265;8.115;164
31.10.2022;21:15;12.149;7.854;90
31.10.2022;21:30;11.987;7.562;170
31.10.2022;21:45;11.921;7.383;427
31.10.2022;22:00;11.757;7.112;159
31.10.2022;22:15;11.645;6.880;108
31.10.2022;22:30;11.473;6.600;168
31.10.2022;22:45;11.411;6.406;396
31.10.2022;23:00;11.167;6.150;120
31.10.2022;23:15;11.165;6.099;101
31.10.2022;23:30;11.047;5.961;273
31.10.2022;23:45;10.971;5.862;351
01.11.2022;00:00;10.561;5.329;99
01.11.2022;00:15;10.479;5.197;123
01.11.2022;00:30;10.342;5.062;261
01.11.2022;00:45;10.372;5.075;347
01.11.2022;01:00;10.280;4.966;216
01.11.2022;01:15;10.253;4.907;288
01.11.2022;01:30;10.174;4.807;277
01.11.2022;01:45;10.144;4.752;395
01.11.2022;02:00;10.437;5.013;675
01.11.2022;02:15;10.484;5.042;728
01.11.2022;02:30;10.374;4.936;792
01.11.2022;02:45;10.357;4.880;832
01.11.2022;03:00;10.455;4.972;1.072
01.11.2022;03:15;10.521;5.041;1.073
01.11.2022;03:30;10.544;5.044;1.063
01.11.2022;03:45;10.484;4.989;1.074
01.11.2022;04:00;10.619;5.066;1.163
01.11.2022;04:15;10.697;5.142;1.166
01.11.2022;04:30;10.819;5.210;1.137
01.11.2022;04:45;10.897;5.198;1.147
01.11.2022;05:00;11.078;5.272;967
01.11.2022;05:15;11.116;5.234;1.131
01.11.2022;05:30;11.163;5.203;1.170
01.11.2022;05:45;11.243;5.179;1.110
01.11.2022;06:00;11.520;5.306;935
01.11.2022;06:15;11.661;5.274;746
01.11.2022;06:30;11.779;5.325;621
01.11.2022;06:45;11.981;5.438;512
01.11.2022;07:00;12.077;5.348;355
01.11.2022;07:15;12.159;5.271;291
01.11.2022;07:30;12.454;5.406;307
01.11.2022;07:45;12.706;5.420;373
01.11.2022;08:00;12.805;5.218;414
01.11.2022;08:15;13.000;5.193;360
01.11.2022;08:30;13.175;5.101;374
01.11.2022;08:45;13.303;5.016;368
01.11.2022;09:00;13.573;5.220;194
01.11.2022;09:15;13.545;5.018;228
01.11.2022;09:30;13.763;4.984;322
01.11.2022;09:45;13.853;4.748;518
01.11.2022;10:00;13.900;4.480;790
01.11.2022;10:15;14.151;4.430;867
01.11.2022;10:30;14.363;4.573;1.094
01.11.2022;10:45;14.446;4.512;1.052
01.11.2022;11:00;14.583;4.349;1.161
01.11.2022;11:15;14.713;4.326;1.153
01.11.2022;11:30;14.844;4.327;1.296
01.11.2022;11:45;14.876;4.322;1.310
01.11.2022;12:00;14.669;4.096;1.377
01.11.2022;12:15;14.558;4.005;1.413
01.11.2022;12:30;14.495;3.952;1.405
01.11.2022;12:45;14.511;4.158;1.445
01.11.2022;13:00;14.451;4.426;1.466
01.11.2022;13:15;14.146;4.411;1.407
01.11.2022;13:30;13.929;4.277;1.361
01.11.2022;13:45;13.776;4.426;1.336
01.11.2022;14:00;13.825;4.723;1.301
01.11.2022;14:15;13.654;4.814;1.123
01.11.2022;14:30;13.506;5.050;899
01.11.2022;14:45;13.372;5.377;576
01.11.2022;15:00;13.377;5.774;615
01.11.2022;15:15;13.276;6.188;400
01.11.2022;15:30;13.357;6.842;334
01.11.2022;15:45;13.300;7.339;194
01.11.2022;16:00;13.319;7.751;160
01.11.2022;16:15;13.459;8.156;92
01.11.2022;16:30;13.425;8.241;49
01.11.2022;16:45;13.456;8.271;43
01.11.2022;17:00;13.280;7.969;18
01.11.2022;17:15;13.931;8.493;41
01.11.2022;17:30;14.218;8.657;40
01.11.2022;17:45;14.265;8.553;57
01.11.2022;18:00;14.298;8.449;77
01.11.2022;18:15;14.206;8.265;78
01.11.2022;18:30;14.164;8.072;82
01.11.2022;18:45;14.072;7.881;24
01.11.2022;19:00;13.978;7.634;70
01.11.2022;19:15;13.891;7.447;3
01.11.2022;19:30;13.797;7.274;12
01.11.2022;19:45;13.729;7.059;33
01.11.2022;20:00;13.729;7.074;25
01.11.2022;20:15;13.484;6.785;100
01.11.2022;20:30;13.286;6.516;81
01.11.2022;20:45;13.158;6.338;87
01.11.2022;21:00;13.097;6.274;72
01.11.2022;21:15;12.865;6.005;121
01.11.2022;21:30;12.812;5.909;232
01.11.2022;21:45;12.798;5.825;290
01.11.2022;22:00;12.711;5.855;55
01.11.2022;22:15;12.552;5.654;53
01.11.2022;22:30;12.349;5.452;86
01.11.2022;22:45;12.223;5.268;198
01.11.2022;23:00;12.063;5.163;454
01.11.2022;23:15;11.893;4.953;709
01.11.2022;23:30;11.681;4.701;1.006
01.11.2022;23:45;11.557;4.645;1.120
02.11.2022;00:00;11.500;4.448;944
02.11.2022;00:15;11.496;4.322;1.139
02.11.2022;00:30;11.479;4.339;1.308
02.11.2022;00:45;11.412;4.435;1.335
02.11.2022;01:00;11.237;4.132;1.153
02.11.2022;01:15;11.099;3.957;1.235
02.11.2022;01:30;11.038;3.864;1.302
02.11.2022;01:45;11.047;3.846;1.352
02.11.2022;02:00;10.973;3.843;1.519
02.11.2022;02:15;10.888;3.736;1.555
02.11.2022;02:30;10.855;3.630;1.565
02.11.2022;02:45;10.888;3.600;1.604
02.11.2022;03:00;10.885;3.524;1.567
02.11.2022;03:15;10.899;3.443;1.580
02.11.2022;03:30;11.003;3.479;1.587
02.11.2022;03:45;11.055;3.519;1.596
02.11.2022;04:00;11.261;3.716;1.607
02.11.2022;04:15;11.386;3.780;1.603
02.11.2022;04:30;11.489;3.776;1.615
02.11.2022;04:45;11.707;3.894;1.549
02.11.2022;05:00;12.120;4.485;1.573
02.11.2022;05:15;12.383;4.635;1.449
02.11.2022;05:30;12.664;4.727;1.284
02.11.2022;05:45;13.043;4.854;1.017
02.11.2022;06:00;13.892;5.544;819
02.11.2022;06:15;14.213;5.570;609
02.11.2022;06:30;14.559;5.981;375
02.11.2022;06:45;14.764;5.997;285
02.11.2022;07:00;15.078;6.370;89
02.11.2022;07:15;15.415;6.676;88
02.11.2022;07:30;15.541;6.576;106
02.11.2022;07:45;15.930;6.617;61
02.11.2022;08:00;16.293;6.913;9
02.11.2022;08:15;16.405;6.822;8
02.11.2022;08:30;16.417;6.495;10
02.11.2022;08:45;16.455;6.240;71
02.11.2022;09:00;16.321;5.943;85
02.11.2022;09:15;16.285;5.629;105
02.11.2022;09:30;16.441;5.426;125
02.11.2022;09:45;16.890;5.307;357
02.11.2022;10:00;16.735;5.062;473
02.11.2022;10:15;16.867;4.887;612
02.11.2022;10:30;17.034;4.790;803
02.11.2022;10:45;17.186;4.605;981
02.11.2022;11:00;17.520;5.062;1.094
02.11.2022;11:15;17.442;5.003;1.125
02.11.2022;11:30;17.523;5.050;1.102
02.11.2022;11:45;17.608;5.080;1.096
02.11.2022;12:00;17.401;4.875;951
02.11.2022;12:15;17.320;4.919;966
02.11.2022;12:30;17.282;5.034;970
02.11.2022;12:45;17.095;4.986;888
02.11.2022;13:00;16.989;5.150;942
02.11.2022;13:15;16.767;5.181;655
02.11.2022;13:30;16.633;5.410;471
02.11.2022;13:45;16.286;5.393;418
02.11.2022;14:00;16.245;5.727;570
02.11.2022;14:15;16.190;6.071;396
02.11.2022;14:30;16.137;6.578;197
02.11.2022;14:45;16.100;7.029;140
02.11.2022;15:00;16.007;7.393;199
02.11.2022;15:15;16.263;8.280;115
02.11.2022;15:30;15.927;8.624;35
02.11.2022;15:45;15.851;9.240;34
02.11.2022;16:00;15.960;9.806;17
02.11.2022;16:15;15.951;10.256;17
02.11.2022;16:30;15.965;10.551;16
02.11.2022;16:45;15.909;10.615;16
02.11.2022;17:00;16.158;11.006;3
02.11.2022;17:15;16.267;11.116;61
02.11.2022;17:30;16.345;11.142;78
02.11.2022;17:45;16.281;10.977;77
02.11.2022;18:00;16.136;10.764;65
02.11.2022;18:15;16.052;10.639;25
02.11.2022;18:30;16.045;10.591;67
02.11.2022;18:45;16.002;10.492;32
02.11.2022;19:00;15.958;10.292;54
02.11.2022;19:15;15.838;10.136;100
02.11.2022;19:30;15.717;9.825;122
02.11.2022;19:45;15.642;9.686;188
02.11.2022;20:00;15.450;9.404;160
02.11.2022;20:15;15.142;9.082;210
02.11.2022;20:30;14.872;8.768;211
02.11.2022;20:45;14.658;8.519;273
